Tank Number,Date,Treatment,Full,Experiment Number,Name,Annotation status,Annotation area,ACfor,Fung,Lobo,Monti,Pcyl,Pryu,Shys,Spis,B_ACfor,B_Fung,B_Lobo,B_Monti,B_Pcyl,B_Pryu,B_Shys,B_Spis,Sarco,Xeni,Zoo,Sand,DSUB,ART,CYAN,Other,Unc,Bry_pen,Caul,CCA,Chl_fas,Dict,Hali,Hyp,Lobph,Macro,Sarg,Turf
10,05-12-14,R,F,3,10_05.12.2014_R.JPG,Unconfirmed,X: 10 - 90% / Y: 0 - 100%,0,1,6,0,2,0,0,0,0,0,0,2,1,2,1,8,0,0,0,15,17,12,21,1,0,0,0,0,0,0,0,0,0,11,0,0
1,05-12-14,Y,F,3,1_05.12.2014_Y.JPG,Unconfirmed,X: 10 - 90% / Y: 0 - 100%,2,1,4,6,4,1,4,0,0,2,0,0,0,0,0,0,0,1,0,21,18,17,8,3,0,0,0,0,0,3,0,0,0,5,0,0
11,05-12-14,G,F,3,11_05.12.2014_G.JPG,Unconfirmed,X: 10 - 90% / Y: 0 - 100%,1,4,0,2,0,1,3,3,0,1,0,0,0,1,1,1,3,3,0,7,21,16,2,2,0,0,0,0,0,2,10,0,0,11,5,0
12,05-12-14,Y,F,3,12_05.12.2014_Y.JPG,Unconfirmed,X: 10 - 90% / Y: 0 - 100%,6,2,4,3,3,0,0,0,3,2,1,0,0,4,0,0,0,1,0,36,11,12,2,1,0,0,0,0,0,0,0,0,0,9,0,0
2,05-12-14,G,F,3,2_05.12.2014_G.JPG,Unconfirmed,X: 10 - 90% / Y: 0 - 100%,1,3,1,4,0,0,4,3,1,0,0,4,0,0,0,0,6,1,0,10,9,14,1,4,0,0,0,0,0,2,10,0,0,21,1,0
3,05-12-14,R,F,3,3_05.12.2014_R.JPG,Unconfirmed,X: 10 - 90% / Y: 0 - 100%,1,0,1,1,0,0,0,0,4,2,1,3,1,2,11,4,3,4,0,5,9,16,4,1,0,0,0,0,0,2,5,0,0,19,1,0
4,05-12-14,B,F,3,4_05.12.2014_B.JPG,Unconfirmed,X: 10 - 90% / Y: 0 - 100%,7,2,2,4,0,1,6,2,2,0,0,0,0,0,1,1,4,1,0,19,22,16,5,1,0,0,0,0,0,0,0,0,0,3,1,0
5,05-12-14,B,F,3,5_05.12.2014_B.JPG,Unconfirmed,X: 10 - 90% / Y: 0 - 100%,1,3,2,3,4,2,2,4,5,0,0,1,0,0,2,0,0,1,0,24,18,18,1,1,0,0,0,1,0,1,0,0,0,6,0,0
6,05-12-14,G,F,3,6_05.12.2014_G.JPG,Unconfirmed,X: 10 - 90% / Y: 0 - 100%,0,5,2,4,4,2,0,3,1,0,0,1,0,1,2,0,0,1,0,17,26,14,7,2,0,0,0,0,0,0,0,0,0,6,2,0
7,05-12-14,Y,F,3,7_05.12.2014_Y.JPG,Unconfirmed,X: 10 - 90% / Y: 0 - 100%,9,2,3,1,2,0,0,0,0,1,0,0,2,1,3,2,1,1,0,19,10,18,1,6,0,0,0,0,0,0,0,0,0,18,0,0
8,05-12-14,B,F,3,8_05.12.2014_B.JPG,Unconfirmed,X: 10 - 90% / Y: 0 - 100%,4,6,1,3,2,0,0,7,0,1,0,0,1,2,0,0,10,3,0,18,13,15,5,1,0,0,0,0,0,0,0,0,0,8,0,0
9,05-12-14,R,F,3,9_05.12.2014_R.JPG,Unconfirmed,X: 10 - 90% / Y: 0 - 100%,0,0,0,0,0,0,0,1,0,4,3,3,1,7,6,5,2,1,0,9,14,13,10,2,0,0,0,0,0,0,0,0,0,19,0,0
10,12-12-14,R,F,3,10_12.12.2014_R.JPG,Unconfirmed,X: 10 - 90% / Y: 0 - 100%,0,2,1,0,0,0,0,0,1,0,0,1,5,3,4,2,3,0,0,7,23,15,20,0,0,0,0,1,0,3,5,0,0,4,0,0
11,12-12-14,G,F,3,11_12.12.2014_G.JPG,Unconfirmed,X: 10 - 90% / Y: 0 - 100%,0,1,1,1,3,1,3,2,0,2,0,1,0,0,0,0,3,2,0,16,22,13,2,4,0,0,0,0,0,3,6,0,0,10,4,0
1,12-12-14,Y,F,3,1_12.12.2014_Y.JPG,Unconfirmed,X: 10 - 90% / Y: 0 - 100%,2,1,0,5,1,2,2,0,0,3,1,1,0,0,0,0,0,2,0,6,22,17,28,0,0,0,0,1,0,1,0,0,0,4,1,0
12,12-12-14,Y,F,3,12_12.12.2014_Y.JPG,Unconfirmed,X: 10 - 90% / Y: 0 - 100%,5,5,4,2,0,0,0,0,1,1,0,1,0,3,0,1,4,0,0,18,26,20,1,1,0,0,0,0,0,1,0,0,0,6,0,0
2,12-12-14,G,F,3,2_12.12.2014_G.JPG,Unconfirmed,X: 10 - 90% / Y: 0 - 100%,1,2,0,3,0,0,4,3,0,0,0,1,0,0,1,0,4,2,0,15,10,13,2,1,0,0,0,2,0,2,15,0,0,18,1,0
3,12-12-14,R,F,3,3_12.12.2014_R.JPG,Unconfirmed,X: 10 - 90% / Y: 0 - 100%,1,0,0,0,0,0,0,0,3,1,2,3,2,6,11,1,4,0,0,0,11,17,5,1,0,0,0,0,0,1,6,0,0,21,4,0
4,12-12-14,B,F,3,4_12.12.2014_B.JPG,Unconfirmed,X: 10 - 90% / Y: 0 - 100%,7,2,2,4,0,1,5,0,1,0,0,0,0,0,2,4,4,2,0,15,29,15,3,0,0,0,0,0,0,1,0,0,0,3,0,0
5,12-12-14,B,F,3,5_12.12.2014_B.JPG,Unconfirmed,X: 10 - 90% / Y: 0 - 100%,1,2,1,5,2,3,4,2,5,1,1,0,1,0,3,0,0,4,0,22,20,17,1,2,0,0,0,0,0,1,0,0,0,2,0,0
6,12-12-14,G,F,3,6_12.12.2014_G.JPG,Unconfirmed,X: 10 - 90% / Y: 0 - 100%,0,1,1,2,0,2,1,2,0,2,1,1,3,0,2,0,0,3,0,12,26,15,14,1,0,0,0,3,0,1,0,0,0,6,1,0
7,12-12-14,Y,F,3,7_12.12.2014_Y.JPG,Unconfirmed,X: 10 - 90% / Y: 0 - 100%,11,1,1,1,0,0,0,0,1,1,1,2,3,0,4,3,2,1,0,5,10,16,5,2,0,0,0,0,0,2,0,0,0,28,0,0
8,12-12-14,B,F,3,8_12.12.2014_B.JPG,Unconfirmed,X: 10 - 90% / Y: 0 - 100%,7,5,1,5,2,0,0,6,0,2,0,0,3,3,0,0,4,3,0,15,17,14,5,2,0,0,0,1,0,0,1,0,0,4,0,0
9,12-12-14,R,F,3,9_12.12.2014_R.JPG,Unconfirmed,X: 10 - 90% / Y: 0 - 100%,0,0,0,2,0,0,0,0,1,3,2,3,0,9,2,5,4,0,0,1,17,11,9,3,0,0,0,1,0,0,0,0,0,26,1,0
10,02-01-15,R,F,3,10_02.01.2015_R.JPG,Unconfirmed,X: 10 - 90% / Y: 0 - 100%,0,2,2,0,0,0,0,0,0,0,3,0,0,5,1,0,1,0,0,15,34,7,12,2,0,0,0,0,0,1,1,0,0,12,2,0
1,02-01-15,Y,F,3,1_02.01.2015_Y.JPG,Unconfirmed,X: 10 - 90% / Y: 0 - 100%,1,1,0,2,0,0,0,0,2,2,0,0,3,3,4,0,1,0,0,16,30,8,10,1,0,0,0,0,0,2,0,0,0,13,1,0
11,02-01-15,G,F,3,11_02.01.2015_G.JPG,Unconfirmed,X: 10 - 90% / Y: 0 - 100%,0,3,1,1,3,1,1,0,0,1,1,0,1,3,1,1,5,0,0,17,9,6,0,1,0,0,0,2,0,7,3,0,0,13,19,0
12,02-01-15,Y,F,3,12_02.01.2015_Y.JPG,Unconfirmed,X: 10 - 90% / Y: 0 - 100%,0,0,2,0,0,0,0,0,8,2,0,3,0,4,1,3,1,0,0,11,37,7,2,2,0,0,0,1,0,0,1,0,0,15,0,0
2,02-01-15,G,F,3,2_02.01.2015_G.JPG,Unconfirmed,X: 10 - 90% / Y: 0 - 100%,1,3,0,3,0,0,0,1,0,0,0,1,1,0,5,1,8,0,0,10,15,15,1,1,0,0,0,1,0,1,13,0,0,18,1,0
3,02-01-15,R,F,3,3_02.01.2015_R.JPG,Unconfirmed,X: 10 - 90% / Y: 0 - 100%,0,0,0,0,0,0,0,0,0,0,2,5,0,1,1,0,1,0,0,1,16,9,43,0,0,0,0,0,0,3,5,0,0,10,3,0
4,02-01-15,B,F,3,4_02.01.2015_B.JPG,Unconfirmed,X: 10 - 90% / Y: 0 - 100%,7,1,1,4,1,2,4,0,1,0,0,0,1,0,3,1,6,1,0,10,35,13,3,0,0,0,0,1,0,0,1,0,0,4,0,0
5,02-01-15,B,F,3,5_02.01.2015_B.JPG,Unconfirmed,X: 10 - 90% / Y: 0 - 100%,2,2,0,3,1,4,1,6,3,1,1,1,0,0,3,0,3,1,0,27,18,15,1,1,0,0,0,0,0,0,0,0,0,4,2,0
6,02-01-15,G,F,3,6_02.01.2015_G.JPG,Unconfirmed,X: 10 - 90% / Y: 0 - 100%,0,1,1,2,0,3,0,2,0,2,0,0,2,3,1,1,0,0,0,11,26,13,22,1,0,0,0,2,0,0,0,0,0,7,0,0
7,02-01-15,Y,F,3,7_02.01.2015_Y.JPG,Unconfirmed,X: 10 - 90% / Y: 0 - 100%,2,1,0,0,0,0,0,0,9,1,1,1,2,0,3,0,1,1,0,1,12,14,2,1,0,0,0,1,0,2,0,0,0,45,0,0
8,02-01-15,B,F,3,8_02.01.2015_B.JPG,Unconfirmed,X: 10 - 90% / Y: 0 - 100%,11,4,0,3,2,0,0,5,0,2,0,1,2,4,0,0,8,2,0,12,18,8,10,0,0,0,0,3,0,2,1,0,0,1,1,0
9,02-01-15,R,F,3,9_02.01.2015_R.JPG,Unconfirmed,X: 10 - 90% / Y: 0 - 100%,0,0,1,0,0,0,0,0,1,3,2,1,0,8,0,0,0,0,0,2,10,10,46,1,0,0,0,0,0,1,0,0,0,9,5,0
10,09-01-15,R,F,3,10_09.01.2015_R.JPG,Unconfirmed,X: 10 - 90% / Y: 0 - 100%,0,1,0,0,2,0,0,0,0,0,3,0,0,6,0,0,1,0,0,17,34,13,9,0,0,0,0,0,0,2,0,0,0,11,1,0
1,09-01-15,Y,F,3,1_09.01.2015_Y.JPG,Unconfirmed,X: 10 - 90% / Y: 0 - 100%,0,0,0,1,0,0,0,0,2,3,0,0,0,2,7,0,1,0,0,18,28,14,6,0,0,0,0,0,0,1,0,0,0,16,1,0
11,09-01-15,G,F,3,11_09.01.2015_G.JPG,Unconfirmed,X: 10 - 90% / Y: 0 - 100%,1,6,2,3,1,0,1,0,1,0,2,0,0,1,1,1,7,0,0,13,23,9,1,1,0,0,0,1,0,8,3,0,0,11,3,0
12,09-01-15,Y,F,3,12_09.01.2015_Y.JPG,Unconfirmed,X: 10 - 90% / Y: 0 - 100%,0,0,2,0,0,0,0,0,7,3,1,2,0,5,0,4,1,0,0,13,23,12,3,3,0,0,0,0,0,1,0,0,0,17,3,0
2,09-01-15,G,F,3,2_09.01.2015_G.JPG,Unconfirmed,X: 10 - 90% / Y: 0 - 100%,0,4,0,5,0,1,1,2,0,1,0,1,0,0,6,0,4,1,0,8,12,13,3,4,0,0,0,3,0,0,13,0,0,18,0,0
3,09-01-15,R,F,3,3_09.01.2015_R.JPG,Unconfirmed,X: 10 - 90% / Y: 0 - 100%,0,0,0,0,0,0,3,0,0,1,0,4,0,2,1,0,1,0,0,4,16,10,45,0,0,0,0,0,0,3,4,0,0,5,1,0
4,09-01-15,B,F,3,4_09.01.2015_B.JPG,Unconfirmed,X: 10 - 90% / Y: 0 - 100%,5,2,0,6,1,2,3,1,0,1,0,0,0,0,2,2,4,1,0,8,34,14,5,1,0,0,0,0,0,0,0,0,0,8,0,0
5,09-01-15,B,F,3,5_09.01.2015_B.JPG,Unconfirmed,X: 10 - 90% / Y: 0 - 100%,2,2,0,4,3,3,1,6,5,1,1,0,0,1,5,0,0,2,0,16,26,14,1,1,0,0,0,0,0,0,0,0,0,6,0,0
6,09-01-15,G,F,3,6_09.01.2015_G.JPG,Unconfirmed,X: 10 - 90% / Y: 0 - 100%,0,0,0,4,0,5,0,3,0,1,0,0,3,2,2,1,0,1,0,18,34,15,5,0,0,0,0,0,0,0,0,0,0,6,0,0
7,09-01-15,Y,F,3,7_09.01.2015_Y.JPG,Unconfirmed,X: 10 - 90% / Y: 0 - 100%,0,0,0,1,0,0,0,0,11,2,2,0,0,0,3,0,0,0,0,3,15,12,7,0,0,0,0,1,0,2,0,0,0,41,0,0
8,09-01-15,B,F,3,8_09.01.2015_B.JPG,Unconfirmed,X: 10 - 90% / Y: 0 - 100%,8,4,0,4,0,0,0,3,0,3,2,4,2,2,0,4,5,3,0,10,22,12,4,1,0,0,0,0,0,0,1,0,0,5,1,0
9,09-01-15,R,F,3,9_09.01.2015_R.JPG,Unconfirmed,X: 10 - 90% / Y: 0 - 100%,0,0,0,0,0,0,0,0,0,2,1,0,1,11,0,0,0,0,0,4,12,12,49,0,0,0,0,0,0,2,0,0,0,6,0,0
10,16-01-15,R,F,3,10_16.01.2015_R.JPG,Unconfirmed,X: 10 - 90% / Y: 0 - 100%,0,2,2,0,0,0,0,0,0,1,1,0,0,3,1,0,0,0,0,17,31,9,22,0,0,0,0,0,0,4,1,0,0,6,0,0
11,16-01-15,G,F,3,11_16.01.2015_G.JPG,Unconfirmed,X: 10 - 90% / Y: 0 - 100%,0,2,1,3,0,0,0,1,0,1,0,0,0,3,2,0,5,0,0,12,26,9,3,1,0,0,0,1,0,9,4,0,0,15,2,0
1,16-01-15,Y,F,3,1_16.01.2015_Y.JPG,Unconfirmed,X: 10 - 90% / Y: 0 - 100%,0,0,0,0,0,0,0,0,2,4,1,1,0,2,8,0,0,1,0,10,27,12,16,1,0,0,0,0,0,0,0,0,0,15,0,0
12,16-01-15,Y,F,3,12_16.01.2015_Y.JPG,Unconfirmed,X: 10 - 90% / Y: 0 - 100%,0,0,1,0,0,0,0,0,6,4,2,3,0,4,1,1,2,0,0,4,27,12,12,3,0,0,0,0,0,2,0,0,0,15,1,0
2,16-01-15,G,F,3,2_16.01.2015_G.JPG,Unconfirmed,X: 10 - 90% / Y: 0 - 100%,0,2,0,6,2,0,0,2,0,1,0,2,1,0,6,0,3,0,0,10,10,15,4,0,0,0,0,0,0,5,13,0,0,18,0,0
3,16-01-15,R,F,3,3_16.01.2015_R.JPG,Unconfirmed,X: 10 - 90% / Y: 0 - 100%,0,0,2,0,1,0,0,0,0,2,0,4,0,3,2,0,2,0,0,7,13,10,32,0,0,0,0,0,0,2,5,0,0,13,2,0
4,16-01-15,B,F,3,4_16.01.2015_B.JPG,Unconfirmed,X: 10 - 90% / Y: 0 - 100%,7,2,2,6,1,0,2,0,1,0,0,1,1,2,2,3,4,2,0,8,30,11,5,0,0,0,0,3,0,2,0,0,0,5,0,0
5,16-01-15,B,F,3,5_16.01.2015_B.JPG,Unconfirmed,X: 10 - 90% / Y: 0 - 100%,0,2,0,4,4,5,2,5,5,0,0,0,0,0,2,0,0,0,0,21,24,14,2,1,0,0,0,1,0,1,0,0,0,7,0,0
6,16-01-15,G,F,3,6_16.01.2015_G.JPG,Unconfirmed,X: 10 - 90% / Y: 0 - 100%,0,4,2,2,0,4,0,4,0,0,0,0,1,3,2,0,0,1,0,17,32,11,10,2,0,0,0,0,0,1,0,0,0,4,0,0
7,16-01-15,Y,F,3,7_16.01.2015_Y.JPG,Unconfirmed,X: 10 - 90% / Y: 0 - 100%,0,0,0,0,0,0,0,0,10,1,1,1,0,1,0,0,2,0,0,1,5,11,9,1,0,0,0,0,0,0,0,0,0,57,0,0
8,16-01-15,B,F,3,8_16.01.2015_B.JPG,Unconfirmed,X: 10 - 90% / Y: 0 - 100%,8,3,1,7,1,2,0,2,0,2,0,0,2,2,0,3,2,2,0,10,25,7,12,0,0,0,0,0,0,1,1,0,0,6,1,0
9,16-01-15,R,F,3,9_16.01.2015_R.JPG,Unconfirmed,X: 10 - 90% / Y: 0 - 100%,0,0,0,0,0,0,0,0,0,1,3,0,1,9,1,0,0,0,0,8,17,10,34,0,0,0,0,0,0,0,0,0,0,16,0,0
10,23-01-15,R,F,3,10_23.01.2015_R.JPG,Unconfirmed,X: 10 - 90% / Y: 0 - 100%,0,2,2,0,0,0,0,0,0,2,1,0,0,3,0,0,0,0,0,17,28,8,24,1,0,0,0,0,0,2,2,0,0,7,1,0
11,23-01-15,G,F,3,11_23.01.2015_G.JPG,Unconfirmed,X: 10 - 90% / Y: 0 - 100%,0,3,2,4,2,0,0,0,0,0,1,0,1,1,2,3,6,1,0,17,21,10,4,0,0,0,0,1,0,12,1,0,0,6,2,0
12,23-01-15,Y,F,3,12_23.01.2015_Y.JPG,Unconfirmed,X: 10 - 90% / Y: 0 - 100%,3,0,1,0,0,0,0,0,1,3,2,0,1,4,0,1,0,0,0,12,27,14,16,3,0,0,0,0,0,0,0,0,0,9,3,0
1,23-01-15,Y,F,3,1_23.01.2015_Y.JPG,Unconfirmed,X: 10 - 90% / Y: 0 - 100%,0,0,1,0,0,0,0,0,1,4,2,0,0,2,1,0,0,2,0,11,13,15,32,2,0,0,0,2,0,1,0,0,0,9,2,0
2,23-01-15,G,F,3,2_23.01.2015_G.JPG,Unconfirmed,X: 10 - 90% / Y: 0 - 100%,1,1,1,3,1,1,0,0,0,0,0,1,0,0,6,0,6,3,0,7,9,11,8,0,0,0,0,1,0,1,20,0,0,18,1,0
3,23-01-15,R,F,3,3_23.01.2015_R.JPG,Unconfirmed,X: 10 - 90% / Y: 0 - 100%,0,0,0,0,0,0,0,0,0,1,0,1,0,3,1,0,2,0,0,7,12,13,43,1,0,0,0,1,0,3,3,0,0,9,0,0
4,23-01-15,B,F,3,4_23.01.2015_B.JPG,Unconfirmed,X: 10 - 90% / Y: 0 - 100%,8,3,0,6,1,0,2,0,0,0,0,2,0,1,2,2,3,1,0,10,25,11,8,3,0,0,0,1,0,1,1,0,0,9,0,0
5,23-01-15,B,F,3,5_23.01.2015_B.JPG,Unconfirmed,X: 10 - 90% / Y: 0 - 100%,0,3,2,1,6,1,0,5,3,0,0,1,0,4,2,0,1,2,0,11,26,11,2,0,0,0,0,1,0,2,0,0,0,15,1,0
6,23-01-15,G,F,3,6_23.01.2015_G.JPG,Unconfirmed,X: 10 - 90% / Y: 0 - 100%,0,2,2,0,0,4,0,3,0,1,0,0,1,0,2,0,0,0,0,15,34,12,15,2,0,0,0,0,0,0,0,0,0,6,1,0
7,23-01-15,Y,F,3,7_23.01.2015_Y.JPG,Unconfirmed,X: 10 - 90% / Y: 0 - 100%,0,0,0,0,0,0,0,0,11,2,1,2,0,1,1,0,0,1,0,3,7,8,3,1,0,0,0,1,0,1,0,0,0,57,0,0
8,23-01-15,B,F,3,8_23.01.2015_B.JPG,Unconfirmed,X: 10 - 90% / Y: 0 - 100%,5,4,2,5,0,0,0,3,0,1,0,0,3,3,0,3,2,6,0,5,27,8,9,5,0,0,0,0,0,2,0,0,0,4,3,0
9,23-01-15,R,F,3,9_23.01.2015_R.JPG,Unconfirmed,X: 10 - 90% / Y: 0 - 100%,0,0,1,0,0,0,0,0,0,2,2,1,0,7,0,0,0,0,0,0,13,10,54,1,0,0,0,2,0,0,0,0,0,7,0,0
10,30-01-15,R,F,3,10_30.01.2015_R.JPG,Unconfirmed,X: 10 - 90% / Y: 0 - 100%,0,1,0,0,1,0,0,0,0,1,4,0,0,3,0,0,0,1,0,7,11,14,43,0,0,0,0,0,0,4,0,0,0,10,0,0
11,30-01-15,G,F,3,11_30.01.2015_G.JPG,Unconfirmed,X: 10 - 90% / Y: 0 - 100%,0,1,0,3,1,0,0,1,0,2,1,1,0,1,1,0,5,0,0,10,20,14,8,0,0,0,0,2,0,10,1,0,0,17,1,0
12,30-01-15,Y,F,3,12_30.01.2015_Y.JPG,Unconfirmed,X: 10 - 90% / Y: 0 - 100%,2,0,0,0,0,0,0,0,0,5,4,1,0,6,0,0,0,1,0,4,14,17,17,0,0,0,0,0,0,1,0,0,0,23,5,0
1,30-01-15,Y,F,3,1_30.01.2015_Y.JPG,Unconfirmed,X: 10 - 90% / Y: 0 - 100%,1,0,1,0,0,0,0,0,1,3,2,2,0,2,2,0,0,1,0,4,16,15,31,0,0,0,0,0,0,0,0,0,0,19,0,0
2,30-01-15,G,F,3,2_30.01.2015_G.JPG,Unconfirmed,X: 10 - 90% / Y: 0 - 100%,0,1,0,4,0,2,1,0,0,0,2,0,0,0,2,1,7,3,0,5,15,18,7,1,0,0,0,1,0,1,19,0,0,10,0,0
3,30-01-15,R,F,3,3_30.01.2015_R.JPG,Unconfirmed,X: 10 - 90% / Y: 0 - 100%,1,0,0,0,3,0,0,0,0,1,2,0,0,2,5,0,1,1,0,9,13,10,23,0,0,0,0,1,0,7,1,0,0,16,4,0
4,30-01-15,B,F,3,4_30.01.2015_B.JPG,Unconfirmed,X: 10 - 90% / Y: 0 - 100%,8,1,0,1,2,2,0,1,0,0,0,0,0,1,4,0,6,2,0,4,26,16,6,0,0,0,0,0,0,0,0,0,0,20,0,0
5,30-01-15,B,F,3,5_30.01.2015_B.JPG,Unconfirmed,X: 10 - 90% / Y: 0 - 100%,1,2,2,3,2,3,0,3,4,0,0,0,1,2,1,0,0,2,0,15,24,19,2,1,0,0,0,1,0,0,0,0,0,11,1,0
6,30-01-15,G,F,3,6_30.01.2015_G.JPG,Unconfirmed,X: 10 - 90% / Y: 0 - 100%,2,2,0,0,3,0,0,1,0,1,1,2,2,3,3,2,0,2,0,9,19,19,17,0,0,0,0,1,0,2,0,0,0,8,1,0
7,30-01-15,Y,F,3,7_30.01.2015_Y.JPG,Unconfirmed,X: 10 - 90% / Y: 0 - 100%,1,0,0,0,0,0,0,0,9,1,5,0,0,2,5,0,0,0,0,1,0,17,1,0,0,0,0,0,0,0,0,0,0,58,0,0
8,30-01-15,B,F,3,8_30.01.2015_B.JPG,Unconfirmed,X: 10 - 90% / Y: 0 - 100%,7,0,0,2,2,1,0,3,0,6,1,0,1,3,0,0,5,2,0,9,20,13,4,0,0,0,0,4,0,1,1,0,0,15,0,0
9,30-01-15,R,F,3,9_30.01.2015_R.JPG,Unconfirmed,X: 10 - 90% / Y: 0 - 100%,1,0,0,0,2,0,0,0,0,2,3,2,0,5,0,0,0,0,0,1,7,14,38,0,0,0,0,3,0,3,0,0,0,18,1,0
10,06-02-15,R,F,3,10_06.02.2015_R.JPG,Unconfirmed,X: 10 - 90% / Y: 0 - 100%,0,0,0,0,0,0,0,0,0,4,2,0,0,1,0,0,0,0,0,4,25,14,39,1,0,0,0,0,0,3,0,0,0,7,0,0
1,06-02-15,Y,F,3,1_06.02.2015_Y.JPG,Unconfirmed,X: 10 - 90% / Y: 0 - 100%,0,0,0,0,1,0,0,0,0,3,1,0,0,2,0,0,0,0,0,7,10,20,47,0,0,0,0,1,0,1,0,0,0,7,0,0
11,06-02-15,G,F,3,11_06.02.2015_G.JPG,Unconfirmed,X: 10 - 90% / Y: 0 - 100%,0,2,0,2,5,0,0,1,0,2,0,0,0,0,1,0,0,1,0,17,19,17,8,1,0,0,0,2,0,9,3,0,0,10,0,0
12,06-02-15,Y,F,3,12_06.02.2015_Y.JPG,Unconfirmed,X: 10 - 90% / Y: 0 - 100%,0,0,0,0,2,0,0,0,0,4,3,0,0,1,0,0,0,0,0,3,12,22,34,0,0,0,0,0,0,3,0,0,0,14,2,0
2,06-02-15,G,F,3,2_06.02.2015_G.JPG,Unconfirmed,X: 10 - 90% / Y: 0 - 100%,0,0,0,3,1,0,0,0,0,0,1,0,0,2,4,1,2,4,0,7,17,21,8,0,0,0,0,0,0,3,19,0,0,6,1,0
3,06-02-15,R,F,3,3_06.02.2015_R.JPG,Unconfirmed,X: 10 - 90% / Y: 0 - 100%,0,0,0,0,0,0,0,0,0,2,2,0,0,2,1,0,0,2,0,8,17,17,27,0,0,0,0,0,0,12,1,0,0,9,0,0
4,06-02-15,B,F,3,4_06.02.2015_B.JPG,Unconfirmed,X: 10 - 90% / Y: 0 - 100%,8,1,1,0,2,0,0,1,2,0,2,0,0,1,3,1,3,2,0,3,21,16,19,0,0,0,0,0,0,0,0,0,0,13,1,0
5,06-02-15,B,F,3,5_06.02.2015_B.JPG,Unconfirmed,X: 10 - 90% / Y: 0 - 100%,1,2,1,1,7,2,0,3,5,0,1,0,0,1,1,0,0,1,0,7,27,20,0,0,0,0,0,1,0,1,0,0,0,18,0,0
6,06-02-15,G,F,3,6_06.02.2015_G.JPG,Unconfirmed,X: 10 - 90% / Y: 0 - 100%,0,0,1,1,1,2,0,1,0,1,0,2,2,2,2,2,1,3,0,8,21,21,18,0,0,0,0,1,0,6,0,0,0,3,1,0
7,06-02-15,Y,F,3,7_06.02.2015_Y.JPG,Unconfirmed,X: 10 - 90% / Y: 0 - 100%,0,0,0,0,1,0,0,0,12,0,7,0,0,0,0,0,0,0,0,0,2,18,6,0,0,0,0,0,0,1,0,0,0,53,0,0
8,06-02-15,B,F,3,8_06.02.2015_B.JPG,Unconfirmed,X: 10 - 90% / Y: 0 - 100%,5,1,0,2,2,1,0,1,2,3,1,0,1,2,0,0,9,2,0,8,24,22,1,1,0,0,0,3,0,1,0,0,0,8,0,0
9,06-02-15,R,F,3,9_06.02.2015_R.JPG,Unconfirmed,X: 10 - 90% / Y: 0 - 100%,0,0,0,0,0,0,0,0,0,2,0,1,0,0,0,0,0,1,0,2,8,14,67,0,0,0,0,1,0,2,0,0,0,2,0,0
10,13-02-15,R,F,3,10_13.02.2015_R.JPG,Unconfirmed,X: 10 - 90% / Y: 0 - 100%,0,0,3,1,0,0,0,0,0,3,2,2,0,3,0,0,1,0,0,11,32,14,17,0,0,0,0,0,0,6,0,0,0,5,0,0
11,13-02-15,G,F,3,11_13.02.2015_G.JPG,Unconfirmed,X: 10 - 90% / Y: 0 - 100%,1,3,1,2,0,0,0,1,1,0,0,0,2,0,1,1,5,0,0,19,16,15,11,0,0,0,0,1,0,2,2,0,0,13,3,0
1,13-02-15,Y,F,3,1_13.02.2015_Y.JPG,Unconfirmed,X: 10 - 90% / Y: 0 - 100%,1,0,3,0,0,0,0,0,0,2,2,2,0,2,0,0,0,0,0,15,21,18,24,1,0,0,0,0,0,2,0,0,0,6,1,0
12,13-02-15,Y,F,3,12_13.02.2015_Y.JPG,Unconfirmed,X: 10 - 90% / Y: 0 - 100%,0,0,2,0,0,0,0,0,0,2,3,0,1,0,0,0,0,0,0,7,27,15,31,1,0,0,0,0,0,5,0,0,0,6,0,0
2,13-02-15,G,F,3,2_13.02.2015_G.JPG,Unconfirmed,X: 10 - 90% / Y: 0 - 100%,2,1,1,3,0,1,0,1,0,0,1,2,2,0,6,1,4,0,0,9,14,13,0,0,0,0,0,0,0,5,25,0,0,8,1,0
3,13-02-15,R,F,3,3_13.02.2015_R.JPG,Unconfirmed,X: 10 - 90% / Y: 0 - 100%,0,0,1,0,0,0,0,0,0,2,1,0,0,1,0,0,0,1,0,8,29,12,28,2,0,0,0,0,0,2,2,0,0,11,0,0
4,13-02-15,B,F,3,4_13.02.2015_B.JPG,Unconfirmed,X: 10 - 90% / Y: 0 - 100%,7,2,5,0,0,0,0,0,1,1,0,1,1,0,0,2,4,1,0,9,21,16,12,1,0,0,0,0,0,0,0,0,0,15,1,0
5,13-02-15,B,F,3,5_13.02.2015_B.JPG,Unconfirmed,X: 10 - 90% / Y: 0 - 100%,1,1,1,2,3,1,0,4,5,1,0,1,1,3,2,0,0,1,0,17,28,15,1,0,0,0,0,0,0,1,0,0,0,11,0,0
6,13-02-15,G,F,3,6_13.02.2015_G.JPG,Unconfirmed,X: 10 - 90% / Y: 0 - 100%,0,3,4,1,0,4,0,4,0,0,2,3,0,1,1,0,0,1,0,13,25,16,13,3,0,0,0,0,0,2,0,0,0,4,0,0
7,13-02-15,Y,F,3,7_13.02.2015_Y.JPG,Unconfirmed,X: 10 - 90% / Y: 0 - 100%,0,0,0,0,0,0,0,0,2,1,2,3,0,1,0,0,0,0,0,4,6,12,20,3,0,0,0,0,0,1,0,0,0,42,3,0
8,13-02-15,B,F,3,8_13.02.2015_B.JPG,Unconfirmed,X: 10 - 90% / Y: 0 - 100%,9,3,1,5,2,0,0,2,0,1,0,1,2,3,0,1,9,1,0,17,17,14,1,0,0,0,0,2,0,0,1,0,0,6,2,0
9,13-02-15,R,F,3,9_13.02.2015_R.JPG,Unconfirmed,X: 10 - 90% / Y: 0 - 100%,0,0,0,0,0,0,0,0,0,1,0,1,0,0,0,0,2,0,0,2,10,10,59,2,0,0,0,1,0,4,0,0,0,7,1,0
10,13-03-15,R,F,3,10_13.03.2015_R.JPG,Unconfirmed,X: 10 - 90% / Y: 0 - 100%,0,0,1,0,0,0,0,0,0,2,2,0,0,0,0,0,0,0,0,25,32,12,8,1,0,0,0,0,0,3,0,0,0,14,0,0
11,13-03-15,G,F,3,11_13.03.2015_G.JPG,Unconfirmed,X: 10 - 90% / Y: 0 - 100%,0,4,1,3,0,0,0,0,0,0,0,2,0,0,0,2,1,0,0,7,12,10,35,0,0,0,0,1,0,0,3,0,0,19,0,0
1,13-03-15,Y,F,3,1_13.03.2015_Y.JPG,Unconfirmed,X: 10 - 90% / Y: 0 - 100%,0,0,2,1,1,0,0,0,0,3,1,1,0,2,1,0,0,1,0,15,28,18,14,1,0,0,0,0,0,2,0,0,0,9,0,0
12,13-03-15,Y,F,3,12_13.03.2015_Y.JPG,Unconfirmed,X: 10 - 90% / Y: 0 - 100%,0,0,0,2,0,0,0,0,0,2,3,1,0,0,2,0,0,0,0,23,28,18,5,0,0,0,0,0,0,4,0,0,0,12,0,0
2,13-03-15,G,F,3,2_13.03.2015_G.JPG,Unconfirmed,X: 10 - 90% / Y: 0 - 100%,3,2,1,3,0,0,1,2,0,0,0,4,1,0,4,1,0,2,0,12,19,17,12,1,0,0,0,0,0,0,4,0,0,11,0,0
3,13-03-15,R,F,3,3_13.03.2015_R.JPG,Unconfirmed,X: 10 - 90% / Y: 0 - 100%,1,0,0,0,0,0,0,0,0,2,0,0,0,0,0,0,0,0,0,11,22,12,29,1,0,0,0,0,0,5,1,0,0,16,0,0
4,13-03-15,B,F,3,4_13.03.2015_B.JPG,Unconfirmed,X: 10 - 90% / Y: 0 - 100%,6,1,3,2,0,1,0,0,1,2,0,1,0,0,5,2,7,3,0,11,31,11,6,0,0,0,0,1,0,0,0,0,0,6,0,0
5,13-03-15,B,F,3,5_13.03.2015_B.JPG,Unconfirmed,X: 10 - 90% / Y: 0 - 100%,4,2,2,3,3,2,0,4,0,0,1,0,0,1,3,0,0,1,0,17,26,20,1,0,0,0,0,3,0,2,0,0,0,5,0,0
6,13-03-15,G,F,3,6_13.03.2015_G.JPG,Unconfirmed,X: 10 - 90% / Y: 0 - 100%,0,1,2,2,0,6,0,4,0,1,0,2,0,1,2,1,0,0,0,2,13,15,29,0,0,0,0,0,0,1,0,0,0,16,2,0
7,13-03-15,Y,F,3,7_13.03.2015_Y.JPG,Unconfirmed,X: 10 - 90% / Y: 0 - 100%,0,0,0,0,0,0,0,0,0,0,0,4,0,0,0,0,0,0,0,4,4,13,6,0,0,0,0,0,0,4,0,0,0,65,0,0
8,13-03-15,B,F,3,8_13.03.2015_B.JPG,Unconfirmed,X: 10 - 90% / Y: 0 - 100%,12,3,1,5,7,0,0,2,0,2,1,0,1,4,1,3,6,1,0,14,19,10,0,2,0,0,0,0,0,0,1,0,0,4,1,0
9,13-03-15,R,F,3,9_13.03.2015_R.JPG,Unconfirmed,X: 10 - 90% / Y: 0 - 100%,0,0,1,0,0,0,0,0,0,1,0,3,0,0,0,0,0,0,0,1,16,10,20,1,0,0,0,0,0,2,0,0,0,45,0,0
10,20-03-15,R,F,3,10_20.03.2015_R.JPG,Unconfirmed,X: 10 - 90% / Y: 0 - 100%,0,0,1,0,0,0,0,0,0,1,2,0,0,0,1,0,0,1,0,23,26,11,10,1,0,0,0,0,0,4,0,0,0,18,1,0
11,20-03-15,G,F,3,11_20.03.2015_G.JPG,Unconfirmed,X: 10 - 90% / Y: 0 - 100%,0,4,0,4,0,0,0,0,0,0,1,1,0,0,1,3,4,3,0,7,8,11,36,1,0,0,0,2,0,0,2,0,0,10,2,0
1,20-03-15,Y,F,3,1_20.03.2015_Y.JPG,Unconfirmed,X: 10 - 90% / Y: 0 - 100%,0,0,0,0,0,0,0,0,0,2,1,2,0,1,1,0,1,0,0,13,23,19,8,0,0,0,0,0,0,8,0,0,0,20,1,0
12,20-03-15,Y,F,3,12_20.03.2015_Y.JPG,Unconfirmed,X: 10 - 90% / Y: 0 - 100%,0,0,3,0,0,0,0,0,0,3,0,0,2,0,0,0,0,0,0,23,24,17,12,0,0,0,0,0,0,2,0,0,0,13,1,0
2,20-03-15,G,F,3,2_20.03.2015_G.JPG,Unconfirmed,X: 10 - 90% / Y: 0 - 100%,1,2,0,3,0,0,0,3,0,0,0,0,1,0,7,0,9,0,0,13,16,16,12,2,0,0,0,4,0,1,7,0,0,3,0,0
3,20-03-15,R,F,3,3_20.03.2015_R.JPG,Unconfirmed,X: 10 - 90% / Y: 0 - 100%,0,0,0,0,0,0,0,0,0,1,0,0,0,0,1,0,0,1,0,12,33,14,15,2,0,0,0,0,0,7,0,0,0,14,0,0
4,20-03-15,B,F,3,4_20.03.2015_B.JPG,Unconfirmed,X: 10 - 90% / Y: 0 - 100%,7,3,2,2,0,1,0,2,0,1,1,2,1,1,1,1,9,1,0,6,24,11,3,1,0,0,0,4,0,4,1,0,0,10,1,0
5,20-03-15,B,F,3,5_20.03.2015_B.JPG,Unconfirmed,X: 10 - 90% / Y: 0 - 100%,2,0,2,2,5,5,1,6,4,2,0,0,0,0,3,0,0,2,0,14,26,17,0,1,0,0,0,0,0,0,0,0,0,8,0,0
6,20-03-15,G,F,3,6_20.03.2015_G.JPG,Unconfirmed,X: 10 - 90% / Y: 0 - 100%,0,1,1,2,0,6,0,4,0,2,0,2,0,0,1,1,0,1,0,7,10,15,23,0,0,0,0,0,0,1,0,0,0,18,5,0
7,20-03-15,Y,F,3,7_20.03.2015_Y.JPG,Unconfirmed,X: 10 - 90% / Y: 0 - 100%,0,0,0,0,0,0,0,0,0,0,0,1,0,0,0,0,0,0,0,3,2,14,5,0,0,0,0,0,0,3,0,0,0,70,2,0
8,20-03-15,B,F,3,8_20.03.2015_B.JPG,Unconfirmed,X: 10 - 90% / Y: 0 - 100%,10,4,1,5,3,0,0,5,0,0,1,0,1,3,0,1,11,4,0,16,16,10,0,3,0,0,0,0,0,0,0,0,0,5,1,0
9,20-03-15,R,F,3,9_20.03.2015_R.JPG,Unconfirmed,X: 10 - 90% / Y: 0 - 100%,0,0,0,0,0,0,0,0,0,1,1,0,0,0,0,0,0,0,0,2,10,9,34,1,0,0,0,0,0,2,0,0,0,39,1,0
10,27-03-15,R,F,3,10_27.03.2015_R.JPG,Unconfirmed,X: 10 - 90% / Y: 0 - 100%,0,0,3,0,0,0,0,0,0,0,1,0,0,0,0,0,0,0,0,28,35,14,14,1,0,0,0,0,0,2,0,0,0,2,0,0
11,27-03-15,G,F,3,11_27.03.2015_G.JPG,Unconfirmed,X: 10 - 90% / Y: 0 - 100%,0,4,1,6,0,0,0,0,0,0,1,1,1,1,0,1,2,0,0,9,9,12,38,0,0,0,0,2,0,1,3,0,0,8,0,0
12,27-03-15,Y,F,3,12_27.03.2015_Y.JPG,Unconfirmed,X: 10 - 90% / Y: 0 - 100%,1,0,1,0,0,0,0,0,0,2,3,1,0,0,0,0,0,0,0,22,17,20,20,1,0,0,0,0,0,1,0,0,0,11,0,0
1,27-03-15,Y,F,3,1_27.03.2015_Y.JPG,Unconfirmed,X: 10 - 90% / Y: 0 - 100%,0,0,0,0,1,0,0,0,0,3,0,0,1,2,0,0,2,0,0,21,20,22,14,1,0,0,0,0,0,1,0,0,0,12,0,0
2,27-03-15,G,F,3,2_27.03.2015_G.JPG,Unconfirmed,X: 10 - 90% / Y: 0 - 100%,0,2,0,2,0,0,0,2,1,0,1,0,1,1,4,0,9,1,0,14,17,19,13,1,0,0,0,0,0,3,2,0,0,6,1,0
3,27-03-15,R,F,3,3_27.03.2015_R.JPG,Unconfirmed,X: 10 - 90% / Y: 0 - 100%,0,0,0,1,0,0,0,0,0,2,0,0,0,0,0,0,0,0,0,9,29,12,38,0,0,0,0,0,0,5,0,0,0,4,0,0
4,27-03-15,B,F,3,4_27.03.2015_B.JPG,Unconfirmed,X: 10 - 90% / Y: 0 - 100%,3,1,1,4,0,1,0,0,0,2,0,0,0,1,3,3,7,4,0,7,27,14,9,0,0,0,0,0,0,2,0,0,0,11,0,0
5,27-03-15,B,F,3,5_27.03.2015_B.JPG,Unconfirmed,X: 10 - 90% / Y: 0 - 100%,0,2,2,1,5,4,1,3,3,0,0,0,1,1,3,0,3,0,0,20,22,19,1,2,0,0,0,0,0,0,0,0,0,7,0,0
6,27-03-15,G,F,3,6_27.03.2015_G.JPG,Unconfirmed,X: 10 - 90% / Y: 0 - 100%,0,0,0,2,0,5,0,1,0,3,0,2,0,1,2,2,1,1,0,5,14,14,23,2,0,0,0,1,0,6,0,0,0,11,4,0
7,27-03-15,Y,F,3,7_27.03.2015_Y.JPG,Unconfirmed,X: 10 - 90% / Y: 0 - 100%,0,0,0,0,0,0,0,0,0,0,0,1,0,1,0,0,0,0,0,2,0,8,1,0,0,0,0,0,0,0,1,0,0,86,0,0
8,27-03-15,B,F,3,8_27.03.2015_B.JPG,Unconfirmed,X: 10 - 90% / Y: 0 - 100%,5,7,2,4,2,1,0,2,1,0,0,0,2,2,0,2,18,0,0,16,17,12,1,2,0,0,0,1,0,0,0,0,0,2,1,0
9,27-03-15,R,F,3,9_27.03.2015_R.JPG,Unconfirmed,X: 10 - 90% / Y: 0 - 100%,0,0,2,0,1,0,0,0,0,2,1,0,0,1,0,0,0,0,0,7,11,6,34,0,0,0,0,0,0,4,0,0,0,28,3,0
10,19-06-15,R,F,3,10_19.06.2015_R.JPG,Unconfirmed,X: 10 - 90% / Y: 0 - 100%,0,0,2,0,0,0,0,0,0,0,0,1,0,0,0,0,0,2,0,16,30,12,5,0,0,0,0,2,0,2,5,0,0,23,0,0
11,19-06-15,G,F,3,11_19.06.2015_G.JPG,Unconfirmed,X: 10 - 90% / Y: 0 - 100%,1,1,1,2,0,0,3,4,0,1,0,0,0,0,0,0,4,0,0,15,19,14,13,3,0,0,0,2,0,1,3,0,0,11,2,0
1,19-06-15,Y,F,3,1_19.06.2015_Y.JPG,Unconfirmed,X: 10 - 90% / Y: 0 - 100%,0,1,0,1,0,1,0,0,0,0,0,0,0,0,0,0,0,0,0,32,22,17,0,1,0,0,0,0,0,0,0,0,0,25,0,0
12,19-06-15,Y,F,3,12_19.06.2015_Y.JPG,Unconfirmed,X: 10 - 90% / Y: 0 - 100%,0,2,0,0,0,0,0,0,0,1,0,0,0,0,0,0,1,2,0,15,14,22,3,0,0,0,0,0,0,0,0,0,0,40,0,0
2,19-06-15,G,F,3,2_19.06.2015_G.JPG,Unconfirmed,X: 10 - 90% / Y: 0 - 100%,0,1,0,5,0,1,7,2,1,1,0,3,0,1,1,0,0,1,0,13,11,13,3,2,0,0,0,0,0,5,15,0,0,10,4,0
3,19-06-15,R,F,3,3_19.06.2015_R.JPG,Unconfirmed,X: 10 - 90% / Y: 0 - 100%,0,2,0,0,0,0,0,0,0,0,0,0,0,0,0,0,1,0,0,18,6,18,6,0,0,0,0,0,0,1,18,0,0,29,1,0
4,19-06-15,B,F,3,4_19.06.2015_B.JPG,Unconfirmed,X: 10 - 90% / Y: 0 - 100%,2,3,3,2,0,2,0,3,8,0,0,1,0,0,0,0,10,1,0,7,28,13,8,1,0,0,0,2,0,0,0,0,0,6,0,0
5,19-06-15,B,F,3,5_19.06.2015_B.JPG,Unconfirmed,X: 10 - 90% / Y: 0 - 100%,2,3,3,2,6,3,5,3,3,0,0,0,0,1,1,0,1,1,0,17,22,17,2,0,0,0,0,0,0,0,0,0,0,8,0,0
6,19-06-15,G,F,3,6_19.06.2015_G.JPG,Unconfirmed,X: 10 - 90% / Y: 0 - 100%,0,1,2,3,0,6,2,4,0,0,0,0,0,0,1,0,0,2,0,22,17,14,2,2,0,0,0,0,0,5,6,0,0,9,2,0
7,19-06-15,Y,F,3,7_19.06.2015_Y.JPG,Unconfirmed,X: 10 - 90% / Y: 0 - 100%,0,0,0,0,0,0,0,0,0,0,1,2,0,0,0,0,0,0,0,6,5,14,4,0,0,0,0,0,0,0,0,0,0,68,0,0
8,19-06-15,B,F,3,8_19.06.2015_B.JPG,Unconfirmed,X: 10 - 90% / Y: 0 - 100%,5,2,3,6,1,4,6,6,0,2,0,0,3,0,0,0,7,4,0,16,9,13,4,0,0,0,0,2,0,0,0,0,0,5,2,0
9,19-06-15,R,F,3,9_19.06.2015_R.JPG,Unconfirmed,X: 10 - 90% / Y: 0 - 100%,0,1,0,0,0,0,0,0,0,0,0,1,0,0,0,0,0,0,0,11,35,15,8,0,0,0,0,0,0,5,0,0,0,24,0,0
10,26-06-15,R,F,3,10_26.06.2015_R.JPG,Unconfirmed,X: 10 - 90% / Y: 0 - 100%,0,0,0,0,0,2,0,0,0,0,0,0,0,0,0,0,0,0,0,16,35,12,11,4,0,0,0,1,0,5,3,0,0,11,0,0
11,26-06-15,G,F,3,11_26.06.2015_G.JPG,Unconfirmed,X: 10 - 90% / Y: 0 - 100%,1,1,5,2,0,1,4,4,0,2,0,0,0,2,1,0,1,0,0,17,11,11,14,2,0,0,0,2,0,0,7,0,0,12,0,0
12,26-06-15,Y,F,3,12_26.06.2015_Y.JPG,Unconfirmed,X: 10 - 90% / Y: 0 - 100%,0,2,0,0,0,0,0,0,0,0,0,1,0,2,0,0,3,0,0,14,16,16,2,1,0,0,0,0,0,2,0,0,0,41,0,0
1,26-06-15,Y,F,3,1_26.06.2015_Y.JPG,Unconfirmed,X: 10 - 90% / Y: 0 - 100%,0,1,0,0,0,1,0,0,0,0,0,1,0,0,0,0,0,0,0,29,23,21,9,1,0,0,0,0,0,1,0,0,0,13,0,0
2,26-06-15,G,F,3,2_26.06.2015_G.JPG,Unconfirmed,X: 10 - 90% / Y: 0 - 100%,2,3,0,5,0,0,7,2,1,1,0,0,0,0,0,0,11,0,0,13,9,16,7,0,0,0,0,0,0,8,11,0,0,3,1,0
3,26-06-15,R,F,3,3_26.06.2015_R.JPG,Unconfirmed,X: 10 - 90% / Y: 0 - 100%,0,1,0,0,1,0,0,0,0,0,0,0,0,0,0,0,0,3,0,15,13,13,4,0,0,0,0,0,0,0,25,0,0,25,0,0
4,26-06-15,B,F,3,4_26.06.2015_B.JPG,Unconfirmed,X: 10 - 90% / Y: 0 - 100%,2,2,2,2,0,2,0,2,8,1,1,0,2,0,1,1,11,1,0,3,25,15,9,1,0,0,0,1,0,0,0,0,0,8,0,0
5,26-06-15,B,F,3,5_26.06.2015_B.JPG,Unconfirmed,X: 10 - 90% / Y: 0 - 100%,0,2,2,4,3,3,4,3,5,0,0,2,0,2,0,0,0,3,0,25,19,14,1,0,0,0,0,0,0,1,0,0,0,7,0,0
6,26-06-15,G,F,3,6_26.06.2015_G.JPG,Unconfirmed,X: 10 - 90% / Y: 0 - 100%,0,1,3,1,2,6,2,1,0,2,0,1,0,0,1,0,0,1,0,24,18,14,7,3,0,0,0,0,0,4,5,0,0,3,1,0
7,26-06-15,Y,F,3,7_26.06.2015_Y.JPG,Unconfirmed,X: 10 - 90% / Y: 0 - 100%,0,1,0,0,0,0,0,0,0,0,0,0,0,0,0,0,0,0,0,9,1,13,0,0,0,0,0,0,0,0,1,0,0,72,3,0
8,26-06-15,B,F,3,8_26.06.2015_B.JPG,Unconfirmed,X: 10 - 90% / Y: 0 - 100%,7,3,0,5,1,1,0,6,1,2,0,1,1,3,0,0,10,2,0,15,15,13,8,0,0,0,0,3,0,0,0,0,0,1,2,0
9,26-06-15,R,F,3,9_26.06.2015_R.JPG,Unconfirmed,X: 10 - 90% / Y: 0 - 100%,0,0,0,0,0,0,0,0,0,0,0,1,0,0,0,0,0,1,0,8,43,14,15,2,0,0,0,0,0,3,0,0,0,13,0,0
10,03-07-15,R,F,3,10_03.07.2015_R.JPG,Unconfirmed,X: 10 - 90% / Y: 0 - 100%,0,0,0,0,0,1,0,0,0,0,0,0,0,1,1,0,0,0,0,12,48,8,3,2,0,0,0,3,0,7,7,0,0,7,0,0
1,03-07-15,Y,F,3,1_03.07.2015_Y.JPG,Unconfirmed,X: 10 - 90% / Y: 0 - 100%,0,1,1,0,0,0,0,0,0,0,0,1,0,5,1,0,0,0,0,33,25,18,0,0,0,0,0,0,0,5,0,0,0,10,0,0
11,03-07-15,G,F,3,11_03.07.2015_G.JPG,Unconfirmed,X: 10 - 90% / Y: 0 - 100%,0,0,5,0,0,0,3,1,0,0,0,1,0,0,0,0,5,3,0,15,16,10,10,5,0,0,0,2,0,0,8,0,0,16,0,0
12,03-07-15,Y,F,3,12_03.07.2015_Y.JPG,Unconfirmed,X: 10 - 90% / Y: 0 - 100%,0,2,1,1,0,0,0,0,0,0,0,1,0,1,0,0,1,2,0,18,31,18,0,0,0,0,0,0,0,4,0,0,0,20,0,0
2,03-07-15,G,F,3,2_03.07.2015_G.JPG,Unconfirmed,X: 10 - 90% / Y: 0 - 100%,0,3,0,4,0,0,7,1,0,0,0,0,1,2,0,0,10,0,0,12,10,13,1,1,0,0,0,0,0,0,22,0,0,12,1,0
3,03-07-15,R,F,3,3_03.07.2015_R.JPG,Unconfirmed,X: 10 - 90% / Y: 0 - 100%,0,2,0,0,0,0,0,0,0,0,0,0,0,0,0,0,0,0,0,15,9,10,3,2,0,0,0,0,0,5,32,0,0,20,2,0
4,03-07-15,B,F,3,4_03.07.2015_B.JPG,Unconfirmed,X: 10 - 90% / Y: 0 - 100%,2,5,0,0,0,0,0,0,2,0,0,1,1,2,5,1,3,4,0,2,32,13,8,1,0,0,0,0,0,1,0,0,0,17,0,0
5,03-07-15,B,F,3,5_03.07.2015_B.JPG,Unconfirmed,X: 10 - 90% / Y: 0 - 100%,1,2,2,1,10,2,7,0,6,0,0,0,1,1,2,0,0,0,0,23,11,15,1,3,0,0,0,0,0,0,0,0,0,12,0,0
6,03-07-15,G,F,3,6_03.07.2015_G.JPG,Unconfirmed,X: 10 - 90% / Y: 0 - 100%,0,8,2,2,0,0,4,1,0,0,0,0,1,0,0,0,0,1,0,17,31,11,1,0,0,0,0,0,0,14,0,0,0,7,0,0
7,03-07-15,Y,F,3,7_03.07.2015_Y.JPG,Unconfirmed,X: 10 - 90% / Y: 0 - 100%,0,1,0,0,0,0,0,0,0,0,0,0,0,0,0,0,0,0,0,11,3,10,0,0,0,0,0,0,0,8,4,0,0,63,0,0
8,03-07-15,B,F,3,8_03.07.2015_B.JPG,Unconfirmed,X: 10 - 90% / Y: 0 - 100%,5,7,0,5,2,0,0,4,0,0,0,0,3,1,0,0,9,3,0,11,29,10,1,1,0,0,0,3,0,1,0,0,0,5,0,0
9,03-07-15,R,F,3,9_03.07.2015_R.JPG,Unconfirmed,X: 10 - 90% / Y: 0 - 100%,0,0,0,0,0,0,0,0,0,0,0,2,0,0,0,0,0,2,0,9,34,13,4,3,0,0,0,0,0,5,0,0,0,28,0,0
10,17-07-15,R,F,3,10_17.07.2015_R.JPG,Unconfirmed,X: 10 - 90% / Y: 0 - 100%,0,0,0,0,0,0,0,0,0,0,0,0,0,0,0,0,0,1,0,11,29,12,30,2,0,0,0,2,0,0,9,0,0,4,0,0
11,17-07-15,G,F,3,11_17.07.2015_G.JPG,Unconfirmed,X: 10 - 90% / Y: 0 - 100%,1,2,4,4,0,0,1,6,0,2,0,1,1,1,1,0,5,2,0,12,11,14,8,2,0,0,0,0,0,1,9,0,0,11,1,0
1,17-07-15,Y,F,3,1_17.07.2015_Y.JPG,Unconfirmed,X: 10 - 90% / Y: 0 - 100%,0,2,0,1,0,0,1,0,0,0,0,0,0,0,0,0,0,0,0,28,25,15,11,0,0,0,0,0,0,1,0,0,0,15,1,0
12,17-07-15,Y,F,3,12_17.07.2015_Y.JPG,Unconfirmed,X: 10 - 90% / Y: 0 - 100%,0,2,4,2,0,0,0,0,0,0,0,0,0,0,0,0,0,0,0,24,17,20,6,0,0,0,0,0,0,0,0,0,0,25,0,0
2,17-07-15,G,F,3,2_17.07.2015_G.JPG,Unconfirmed,X: 10 - 90% / Y: 0 - 100%,0,1,1,4,0,0,7,4,2,2,0,0,0,0,2,0,3,2,0,12,15,16,1,0,0,0,0,0,0,8,11,0,0,9,0,0
3,17-07-15,R,F,3,3_17.07.2015_R.JPG,Unconfirmed,X: 10 - 90% / Y: 0 - 100%,0,2,0,0,0,0,0,0,0,0,0,0,0,0,0,0,0,5,0,8,12,13,24,1,0,0,0,1,0,2,23,0,0,9,0,0
4,17-07-15,B,F,3,4_17.07.2015_B.JPG,Unconfirmed,X: 10 - 90% / Y: 0 - 100%,1,3,3,0,0,2,0,2,6,0,1,2,1,0,1,1,7,2,0,5,31,14,8,1,0,0,0,2,0,0,0,0,0,6,1,0
5,17-07-15,B,F,3,5_17.07.2015_B.JPG,Unconfirmed,X: 10 - 90% / Y: 0 - 100%,1,2,2,3,2,1,5,6,5,0,0,0,1,1,0,0,0,3,0,17,20,17,2,0,0,0,0,4,0,0,0,0,0,8,0,0
6,17-07-15,G,F,3,6_17.07.2015_G.JPG,Unconfirmed,X: 10 - 90% / Y: 0 - 100%,0,1,3,2,1,7,2,3,0,2,0,1,0,0,0,0,0,1,0,15,21,14,16,2,0,0,0,2,0,1,0,0,0,4,2,0
7,17-07-15,Y,F,3,7_17.07.2015_Y.JPG,Unconfirmed,X: 10 - 90% / Y: 0 - 100%,0,0,0,0,0,0,0,0,0,0,1,0,0,0,0,0,0,0,0,11,8,14,5,0,0,0,0,0,0,2,1,0,0,56,2,0
8,17-07-15,B,F,3,8_17.07.2015_B.JPG,Unconfirmed,X: 10 - 90% / Y: 0 - 100%,6,3,0,5,1,1,0,5,0,1,0,2,2,2,0,0,17,1,0,15,12,12,10,0,0,0,0,3,0,0,0,0,0,2,0,0
9,17-07-15,R,F,3,9_17.07.2015_R.JPG,Unconfirmed,X: 10 - 90% / Y: 0 - 100%,0,1,0,0,0,0,0,0,0,0,0,0,0,0,0,0,0,0,0,8,27,17,11,0,0,0,0,2,0,0,0,0,0,33,1,0
10,24-07-15,R,F,3,10_24.07.2015_R.JPG,Unconfirmed,X: 10 - 90% / Y: 0 - 100%,0,0,2,0,0,0,0,0,0,0,0,0,0,0,1,0,0,2,0,18,33,12,1,0,0,0,0,0,0,2,16,0,0,13,0,0
11,24-07-15,G,F,3,11_24.07.2015_G.JPG,Unconfirmed,X: 10 - 90% / Y: 0 - 100%,1,3,3,4,1,0,2,4,1,0,0,1,1,1,0,0,5,1,0,13,17,15,7,0,0,0,0,1,0,1,7,0,0,11,0,0
12,24-07-15,Y,F,3,12_24.07.2015_Y.JPG,Unconfirmed,X: 10 - 90% / Y: 0 - 100%,0,3,5,1,0,0,0,0,0,0,0,0,0,0,0,0,1,0,0,22,20,17,3,0,0,0,0,0,0,1,0,0,0,27,0,0
1,24-07-15,Y,F,3,1_24.07.2015_Y.JPG,Unconfirmed,X: 10 - 90% / Y: 0 - 100%,0,3,1,0,0,1,0,0,0,0,0,1,0,0,0,0,0,0,0,32,19,17,8,3,0,0,0,0,0,0,0,0,0,15,0,0
2,24-07-15,G,F,3,2_24.07.2015_G.JPG,Unconfirmed,X: 10 - 90% / Y: 0 - 100%,0,1,1,5,0,1,5,1,2,1,0,1,0,0,0,0,4,2,0,14,16,13,11,0,0,0,0,3,0,5,8,0,0,5,1,0
3,24-07-15,R,F,3,3_24.07.2015_R.JPG,Unconfirmed,X: 10 - 90% / Y: 0 - 100%,0,1,0,0,0,0,0,0,0,0,0,0,0,0,0,0,0,4,0,8,12,13,12,0,0,0,0,0,0,7,27,0,0,16,0,0
4,24-07-15,B,F,3,4_24.07.2015_B.JPG,Unconfirmed,X: 10 - 90% / Y: 0 - 100%,1,3,4,1,0,3,0,3,5,0,2,0,0,0,0,0,8,2,0,3,30,12,6,1,0,0,0,2,0,1,0,0,0,11,2,0
5,24-07-15,B,F,3,5_24.07.2015_B.JPG,Unconfirmed,X: 10 - 90% / Y: 0 - 100%,0,1,5,2,3,2,5,4,4,0,0,0,1,3,1,0,1,2,0,26,17,16,0,1,0,0,0,0,0,0,0,0,0,6,0,0
6,24-07-15,G,F,3,6_24.07.2015_G.JPG,Unconfirmed,X: 10 - 90% / Y: 0 - 100%,0,1,1,5,1,6,3,1,0,2,0,0,0,0,2,0,0,1,0,21,21,14,11,1,0,0,0,0,0,0,0,0,0,9,0,0
7,24-07-15,Y,F,3,7_24.07.2015_Y.JPG,Unconfirmed,X: 10 - 90% / Y: 0 - 100%,0,1,0,0,0,0,0,0,0,0,0,1,0,0,0,0,0,0,0,10,7,13,5,0,0,0,0,0,0,4,4,0,0,48,7,0
8,24-07-15,B,F,3,8_24.07.2015_B.JPG,Unconfirmed,X: 10 - 90% / Y: 0 - 100%,9,2,0,4,2,2,3,5,0,3,0,4,2,3,0,0,9,4,0,8,12,11,10,0,0,0,0,3,0,0,0,0,0,4,0,0
9,24-07-15,R,F,3,9_24.07.2015_R.JPG,Unconfirmed,X: 10 - 90% / Y: 0 - 100%,0,2,0,0,0,0,0,0,0,0,0,1,0,0,0,0,0,0,0,11,13,13,9,3,0,0,0,2,0,0,0,0,0,46,0,0
10,31-07-15,R,F,3,10_31.07.2015_R.JPG,Unconfirmed,X: 10 - 90% / Y: 0 - 100%,0,0,1,0,1,0,0,0,0,0,0,0,0,0,1,0,0,3,0,14,28,16,2,2,0,0,0,1,0,3,10,0,0,18,0,0
11,31-07-15,G,F,3,11_31.07.2015_G.JPG,Unconfirmed,X: 10 - 90% / Y: 0 - 100%,1,1,1,3,0,0,0,3,1,0,0,0,0,1,1,0,3,1,0,7,20,14,18,2,0,0,0,2,0,1,12,0,0,8,0,0
12,31-07-15,Y,F,3,12_31.07.2015_Y.JPG,Unconfirmed,X: 10 - 90% / Y: 0 - 100%,0,2,0,0,0,0,0,0,0,0,1,0,0,0,0,0,3,3,0,17,16,19,2,1,0,0,0,1,0,0,0,0,0,35,0,0
1,31-07-15,Y,F,3,1_31.07.2015_Y.JPG,Unconfirmed,X: 10 - 90% / Y: 0 - 100%,0,2,1,0,0,2,0,0,0,0,0,0,0,0,1,0,0,0,0,34,16,19,3,1,0,0,0,0,0,0,0,0,0,21,0,0
2,31-07-15,G,F,3,2_31.07.2015_G.JPG,Unconfirmed,X: 10 - 90% / Y: 0 - 100%,0,0,0,2,0,1,5,3,2,3,0,0,0,0,3,0,3,3,0,11,11,16,10,0,0,0,0,0,0,13,9,0,0,5,0,0
3,31-07-15,R,F,3,3_31.07.2015_R.JPG,Unconfirmed,X: 10 - 90% / Y: 0 - 100%,0,0,0,0,0,0,0,0,0,0,0,1,0,0,2,0,0,12,0,5,8,11,10,0,0,0,0,0,0,5,37,0,0,9,0,0
4,31-07-15,B,F,3,4_31.07.2015_B.JPG,Unconfirmed,X: 10 - 90% / Y: 0 - 100%,0,1,3,2,0,1,0,2,8,1,1,0,0,2,1,0,6,4,0,6,29,15,7,0,0,0,0,2,0,0,0,0,0,5,4,0
5,31-07-15,B,F,3,5_31.07.2015_B.JPG,Unconfirmed,X: 10 - 90% / Y: 0 - 100%,0,1,3,3,3,2,4,3,5,0,0,0,2,2,0,0,2,4,0,19,18,17,0,0,0,0,0,1,0,1,0,0,0,9,1,0
6,31-07-15,G,F,3,6_31.07.2015_G.JPG,Unconfirmed,X: 10 - 90% / Y: 0 - 100%,0,1,2,4,2,6,2,1,0,0,0,1,0,0,1,0,0,2,0,24,18,14,10,0,0,0,0,0,0,4,0,0,0,5,3,0
7,31-07-15,Y,F,3,7_31.07.2015_Y.JPG,Unconfirmed,X: 10 - 90% / Y: 0 - 100%,0,1,0,0,0,0,0,0,0,0,0,0,0,0,0,0,0,0,0,13,6,12,0,0,0,0,0,0,0,2,5,0,0,61,0,0
8,31-07-15,B,F,3,8_31.07.2015_B.JPG,Unconfirmed,X: 10 - 90% / Y: 0 - 100%,1,1,2,4,1,3,2,5,0,4,1,0,2,3,0,0,9,4,0,7,16,15,11,1,0,0,0,4,0,3,0,0,0,1,0,0
9,31-07-15,R,F,3,9_31.07.2015_R.JPG,Unconfirmed,X: 10 - 90% / Y: 0 - 100%,0,2,0,0,1,0,0,0,0,0,0,0,0,1,1,0,0,1,0,10,8,15,7,2,0,0,0,1,0,2,0,0,0,47,2,0
10,08-08-15,R,F,3,10_08.08.2015_R.JPG,Unconfirmed,X: 10 - 90% / Y: 0 - 100%,0,0,0,0,0,1,0,0,0,0,2,0,0,0,2,0,0,0,0,11,25,12,3,0,0,0,0,1,0,11,12,0,0,18,2,0
1,08-08-15,Y,F,3,1_08.08.2015_Y.JPG,Unconfirmed,X: 10 - 90% / Y: 0 - 100%,0,2,0,0,0,1,0,0,0,0,0,0,0,0,0,0,0,0,0,31,21,17,1,1,0,0,0,0,0,2,0,0,0,24,0,0
11,08-08-15,G,F,3,11_08.08.2015_G.JPG,Unconfirmed,X: 10 - 90% / Y: 0 - 100%,0,0,4,1,0,0,0,5,0,3,1,1,0,1,0,0,4,1,0,12,15,14,7,0,0,0,0,3,0,3,9,0,0,16,0,0
12,08-08-15,Y,F,3,12_08.08.2015_Y.JPG,Unconfirmed,X: 10 - 90% / Y: 0 - 100%,0,2,4,2,0,1,0,0,0,0,0,0,0,0,0,0,0,1,0,18,21,18,3,0,0,0,0,0,0,0,0,0,0,30,0,0
2,08-08-15,G,F,3,2_08.08.2015_G.JPG,Unconfirmed,X: 10 - 90% / Y: 0 - 100%,0,1,0,3,0,2,5,5,2,1,0,0,0,0,0,0,8,0,0,16,7,17,1,0,0,0,0,1,0,2,22,0,0,5,2,0
3,08-08-15,R,F,3,3_08.08.2015_R.JPG,Unconfirmed,X: 10 - 90% / Y: 0 - 100%,0,2,0,0,0,0,0,0,0,0,0,0,0,0,0,0,0,16,0,8,13,11,3,0,0,0,0,0,0,3,36,0,0,8,0,0
4,08-08-15,B,F,3,4_08.08.2015_B.JPG,Unconfirmed,X: 10 - 90% / Y: 0 - 100%,0,3,4,1,0,2,0,1,4,0,1,1,0,0,0,2,9,2,0,1,31,15,12,1,0,0,0,4,0,0,0,0,0,5,1,0
5,08-08-15,B,F,3,5_08.08.2015_B.JPG,Unconfirmed,X: 10 - 90% / Y: 0 - 100%,0,2,3,2,1,2,6,6,5,0,0,0,1,2,0,0,1,1,0,23,14,21,1,3,0,0,0,1,0,0,0,0,0,5,0,0
6,08-08-15,G,F,3,6_08.08.2015_G.JPG,Unconfirmed,X: 10 - 90% / Y: 0 - 100%,0,4,1,1,0,4,3,2,0,1,0,1,0,1,1,0,0,1,0,25,20,16,9,2,0,0,0,0,0,1,0,0,0,6,1,0
7,08-08-15,Y,F,3,7_08.08.2015_Y.JPG,Unconfirmed,X: 10 - 90% / Y: 0 - 100%,0,0,0,0,0,0,0,0,0,0,0,1,0,0,0,0,0,0,0,11,3,15,2,2,0,0,0,0,0,3,5,0,0,55,3,0
8,08-08-15,B,F,3,8_08.08.2015_B.JPG,Unconfirmed,X: 10 - 90% / Y: 0 - 100%,6,2,1,6,1,3,0,6,1,2,0,0,1,1,0,0,10,2,0,7,17,16,7,4,0,0,0,0,0,2,0,0,0,5,0,0
9,08-08-15,R,F,3,9_08.08.2015_R.JPG,Unconfirmed,X: 10 - 90% / Y: 0 - 100%,0,2,0,0,0,0,0,0,0,0,0,0,0,0,0,0,0,0,0,10,37,16,10,1,0,0,0,1,0,1,0,0,0,21,1,0
10,14-08-15,R,F,3,10_14.08.2015_R.JPG,Unconfirmed,X: 10 - 90% / Y: 0 - 100%,0,0,1,0,0,1,0,0,0,0,0,0,0,0,1,0,0,0,0,13,31,13,0,1,0,0,0,0,0,14,14,0,0,10,1,0
11,14-08-15,G,F,3,11_14.08.2015_G.JPG,Unconfirmed,X: 10 - 90% / Y: 0 - 100%,1,2,4,3,0,0,0,6,0,1,1,2,0,0,0,0,3,0,0,13,11,16,10,0,0,0,0,0,0,3,14,0,0,10,0,0
1,14-08-15,Y,F,3,1_14.08.2015_Y.JPG,Unconfirmed,X: 10 - 90% / Y: 0 - 100%,1,1,0,0,0,1,0,0,0,0,0,0,0,0,0,0,0,0,0,25,13,19,3,3,0,0,0,0,0,1,0,0,0,33,0,0
12,14-08-15,Y,F,3,12_14.08.2015_Y.JPG,Unconfirmed,X: 10 - 90% / Y: 0 - 100%,0,2,5,0,1,0,0,0,0,0,0,1,0,0,0,0,2,2,0,18,18,19,3,1,0,0,0,0,0,1,0,0,0,27,0,0
2,14-08-15,G,F,3,2_14.08.2015_G.JPG,Unconfirmed,X: 10 - 90% / Y: 0 - 100%,0,2,0,2,0,0,5,4,2,0,0,3,0,1,0,0,4,1,0,13,13,15,0,1,0,0,0,1,0,4,22,0,0,6,1,0
3,14-08-15,R,F,3,3_14.08.2015_R.JPG,Unconfirmed,X: 10 - 90% / Y: 0 - 100%,0,2,0,0,0,1,0,0,0,0,0,0,0,0,1,0,0,15,0,5,4,10,7,0,0,0,0,0,0,5,37,0,0,13,0,0
4,14-08-15,B,F,3,4_14.08.2015_B.JPG,Unconfirmed,X: 10 - 90% / Y: 0 - 100%,0,4,3,3,0,2,0,2,4,0,3,2,1,1,1,0,4,2,0,4,31,14,7,2,0,0,0,1,0,1,0,0,0,6,2,0
5,14-08-15,B,F,3,5_14.08.2015_B.JPG,Unconfirmed,X: 10 - 90% / Y: 0 - 100%,1,2,2,4,2,3,4,6,3,0,0,1,0,1,2,0,1,3,0,22,15,18,0,2,0,0,0,1,0,0,0,0,0,7,0,0
6,14-08-15,G,F,3,6_14.08.2015_G.JPG,Unconfirmed,X: 10 - 90% / Y: 0 - 100%,0,2,1,2,2,6,3,1,0,1,0,0,0,0,1,0,0,0,0,22,20,20,8,2,0,0,0,0,0,0,0,0,0,8,1,0
7,14-08-15,Y,F,3,7_14.08.2015_Y.JPG,Unconfirmed,X: 10 - 90% / Y: 0 - 100%,0,1,0,0,0,0,0,0,0,0,0,0,0,0,0,0,0,0,0,9,5,20,0,1,0,0,0,0,0,2,4,0,0,56,2,0
8,14-08-15,B,F,3,8_14.08.2015_B.JPG,Unconfirmed,X: 10 - 90% / Y: 0 - 100%,4,2,0,6,0,2,0,5,1,3,1,0,3,2,1,0,10,5,0,7,14,16,11,1,0,0,0,2,0,0,0,0,0,3,1,0
9,14-08-15,R,F,3,9_14.08.2015_R.JPG,Unconfirmed,X: 10 - 90% / Y: 0 - 100%,0,1,0,0,0,0,0,0,0,1,0,0,0,0,0,0,0,1,0,12,25,16,13,2,0,0,0,0,0,0,0,0,0,29,0,0
10,28-08-15,R,F,3,10_28.08.2015_R.JPG,Unconfirmed,X: 10 - 90% / Y: 0 - 100%,0,0,1,0,1,0,0,0,0,0,0,0,0,0,0,0,0,2,0,4,24,9,2,1,0,0,0,1,0,7,8,0,0,39,1,0
11,28-08-15,G,F,3,11_28.08.2015_G.JPG,Unconfirmed,X: 10 - 90% / Y: 0 - 100%,0,0,1,0,0,0,0,1,0,0,4,3,0,0,0,0,4,2,0,10,9,14,20,0,0,0,0,2,0,1,21,0,0,7,1,0
1,28-08-15,Y,F,3,1_28.08.2015_Y.JPG,Unconfirmed,X: 10 - 90% / Y: 0 - 100%,0,1,0,1,0,1,0,0,0,0,0,0,0,0,1,0,0,0,0,18,21,8,0,3,0,0,0,0,0,2,0,0,0,44,0,0
2,28-08-15,G,F,3,2_28.08.2015_G.JPG,Unconfirmed,X: 10 - 90% / Y: 0 - 100%,1,2,2,1,4,0,4,1,3,0,0,0,0,0,0,0,6,0,0,9,6,16,3,1,0,0,0,3,0,0,29,0,0,9,0,0
3,28-08-15,R,F,3,3_28.08.2015_R.JPG,Unconfirmed,X: 10 - 90% / Y: 0 - 100%,0,0,0,0,1,0,0,0,0,0,0,0,0,0,2,0,1,6,0,2,3,8,6,0,0,0,0,0,0,4,32,0,0,35,0,0
4,28-08-15,B,F,3,4_28.08.2015_B.JPG,Unconfirmed,X: 10 - 90% / Y: 0 - 100%,1,3,0,2,1,2,0,1,4,0,2,0,0,0,0,0,5,1,0,0,27,12,8,0,0,0,0,9,0,0,0,0,0,22,0,0
5,28-08-15,B,F,3,5_28.08.2015_B.JPG,Unconfirmed,X: 10 - 90% / Y: 0 - 100%,2,0,3,1,6,1,0,0,1,0,0,0,0,0,3,0,1,2,0,9,24,18,3,0,0,0,0,0,0,2,0,0,0,24,0,0
6,28-08-15,G,F,3,6_28.08.2015_G.JPG,Unconfirmed,X: 10 - 90% / Y: 0 - 100%,0,0,0,2,5,1,0,0,0,0,0,0,0,0,2,0,0,3,0,13,25,14,9,1,0,0,0,0,0,2,0,0,0,23,0,0
7,28-08-15,Y,F,3,7_28.08.2015_Y.JPG,Unconfirmed,X: 10 - 90% / Y: 0 - 100%,0,0,0,0,0,0,0,0,0,0,0,0,0,0,0,0,0,0,0,6,6,9,0,0,0,0,0,0,0,0,3,0,0,76,0,0
8,28-08-15,B,F,3,8_28.08.2015_B.JPG,Unconfirmed,X: 10 - 90% / Y: 0 - 100%,6,0,1,1,4,3,0,3,0,5,0,0,1,1,0,0,5,3,0,4,17,13,22,0,0,0,0,2,0,0,0,0,0,9,0,0
9,28-08-15,R,F,3,9_28.08.2015_R.JPG,Unconfirmed,X: 10 - 90% / Y: 0 - 100%,0,1,0,0,0,0,0,0,0,0,0,0,0,0,0,0,0,0,0,3,12,15,7,0,0,0,0,0,0,1,0,0,0,61,0,0
10,04-09-15,R,F,3,10_04.09.2015_R.JPG,Unconfirmed,X: 10 - 90% / Y: 0 - 100%,0,0,0,0,0,0,0,0,0,1,0,0,0,0,1,0,0,2,0,13,16,8,3,1,0,0,0,0,0,2,20,0,0,30,3,0
1,04-09-15,Y,F,3,1_04.09.2015_Y.JPG,Unconfirmed,X: 10 - 90% / Y: 0 - 100%,0,2,1,0,0,1,0,0,0,0,2,0,0,0,1,0,0,0,0,25,10,19,1,1,0,0,0,0,0,7,4,0,0,26,0,0
11,04-09-15,G,F,3,11_04.09.2015_G.JPG,Unconfirmed,X: 10 - 90% / Y: 0 - 100%,1,1,2,0,0,0,0,4,0,2,3,2,0,0,0,1,1,0,0,6,5,10,13,2,0,0,0,0,0,2,28,0,0,13,4,0
12,04-09-15,Y,F,3,12_04.09.2015_Y.JPG,Unconfirmed,X: 10 - 90% / Y: 0 - 100%,0,2,5,0,0,0,1,0,0,0,0,1,0,0,0,0,3,0,0,18,20,16,6,1,0,0,0,0,0,1,1,0,0,25,0,0
2,04-09-15,G,F,3,2_04.09.2015_G.JPG,Unconfirmed,X: 10 - 90% / Y: 0 - 100%,0,2,0,1,0,1,4,5,0,0,0,3,0,0,1,0,10,1,0,9,6,13,1,0,0,0,0,1,0,2,32,0,0,5,3,0
3,04-09-15,R,F,3,3_04.09.2015_R.JPG,Unconfirmed,X: 10 - 90% / Y: 0 - 100%,0,1,1,0,0,0,0,0,0,0,0,0,0,0,7,0,0,17,0,5,10,8,9,1,0,0,0,1,0,0,11,0,0,28,1,0
4,04-09-15,B,F,3,4_04.09.2015_B.JPG,Unconfirmed,X: 10 - 90% / Y: 0 - 100%,0,4,2,2,0,0,1,2,3,1,0,4,1,4,0,0,9,4,0,1,31,11,6,1,0,0,0,3,0,0,0,0,0,9,1,0
5,04-09-15,B,F,3,5_04.09.2015_B.JPG,Unconfirmed,X: 10 - 90% / Y: 0 - 100%,0,3,4,3,6,2,6,3,1,0,0,0,0,2,0,0,1,3,0,24,16,16,0,1,0,0,0,0,0,1,0,0,0,8,0,0
6,04-09-15,G,F,3,6_04.09.2015_G.JPG,Unconfirmed,X: 10 - 90% / Y: 0 - 100%,0,0,1,2,3,5,1,0,0,0,0,0,0,1,1,0,0,0,0,14,25,15,12,3,0,0,0,1,0,1,0,0,0,15,0,0
7,04-09-15,Y,F,3,7_04.09.2015_Y.JPG,Unconfirmed,X: 10 - 90% / Y: 0 - 100%,0,1,0,0,0,0,0,0,0,0,0,1,0,0,0,0,0,0,0,4,7,8,1,1,0,0,0,0,0,0,4,0,0,71,2,0
8,04-09-15,B,F,3,8_04.09.2015_B.JPG,Unconfirmed,X: 10 - 90% / Y: 0 - 100%,9,1,0,5,1,1,6,5,0,3,0,0,3,4,0,1,5,2,0,11,16,9,9,0,0,0,0,3,0,0,0,0,0,5,1,0
9,04-09-15,R,F,3,9_04.09.2015_R.JPG,Unconfirmed,X: 10 - 90% / Y: 0 - 100%,0,1,0,0,0,0,0,0,0,1,0,0,0,0,0,0,0,0,0,6,13,10,12,0,0,0,0,0,0,3,0,0,0,53,1,0
10,11-09-15,R,F,3,10_11.09.2015_R.JPG,Unconfirmed,X: 10 - 90% / Y: 0 - 100%,0,0,0,0,0,2,0,0,0,0,0,1,0,0,1,0,1,0,0,18,24,7,1,1,0,0,0,0,0,1,14,0,0,29,0,0
1,11-09-15,Y,F,3,1_11.09.2015_Y.JPG,Unconfirmed,X: 10 - 90% / Y: 0 - 100%,0,3,0,0,0,1,0,0,0,0,1,1,0,0,0,0,0,0,0,11,10,19,5,0,0,0,0,0,0,2,21,0,0,25,1,0
11,11-09-15,G,F,3,11_11.09.2015_G.JPG,Unconfirmed,X: 10 - 90% / Y: 0 - 100%,0,1,1,0,0,0,1,1,1,2,2,2,1,0,1,2,2,0,0,9,11,6,12,0,0,0,0,1,0,2,26,0,0,13,3,0
12,11-09-15,Y,F,3,12_11.09.2015_Y.JPG,Unconfirmed,X: 10 - 90% / Y: 0 - 100%,0,4,4,0,0,0,0,0,0,0,1,1,0,0,0,0,2,2,0,16,16,18,1,2,0,0,0,0,0,0,0,0,0,32,1,0
2,11-09-15,G,F,3,2_11.09.2015_G.JPG,Unconfirmed,X: 10 - 90% / Y: 0 - 100%,0,1,0,0,0,1,1,2,0,1,0,4,0,0,1,0,8,0,0,13,9,12,0,1,0,0,0,0,0,3,34,0,0,6,3,0
3,11-09-15,R,F,3,3_11.09.2015_R.JPG,Unconfirmed,X: 10 - 90% / Y: 0 - 100%,0,2,0,0,0,0,0,0,0,0,0,0,0,0,1,0,0,10,0,10,10,9,18,0,0,0,0,0,0,2,6,0,0,30,2,0
4,11-09-15,B,F,3,4_11.09.2015_B.JPG,Unconfirmed,X: 10 - 90% / Y: 0 - 100%,0,3,5,0,0,1,1,3,1,1,0,4,2,1,2,0,13,1,0,1,32,10,7,0,0,0,0,3,0,0,0,0,0,8,1,0
5,11-09-15,B,F,3,5_11.09.2015_B.JPG,Unconfirmed,X: 10 - 90% / Y: 0 - 100%,1,4,3,4,6,4,4,5,0,0,0,1,0,1,1,0,4,3,0,16,17,17,0,0,0,0,0,0,0,1,0,0,0,8,0,0
6,11-09-15,G,F,3,6_11.09.2015_G.JPG,Unconfirmed,X: 10 - 90% / Y: 0 - 100%,0,2,2,2,2,6,1,1,0,2,1,1,2,0,2,0,1,1,0,18,16,16,10,4,0,0,0,0,0,2,0,0,0,7,1,0
7,11-09-15,Y,F,3,7_11.09.2015_Y.JPG,Unconfirmed,X: 10 - 90% / Y: 0 - 100%,0,0,0,0,0,0,0,0,0,0,0,0,0,0,0,0,0,0,0,8,5,11,1,0,0,0,0,0,0,0,8,0,0,65,2,0
8,11-09-15,B,F,3,8_11.09.2015_B.JPG,Unconfirmed,X: 10 - 90% / Y: 0 - 100%,5,4,0,5,1,1,2,7,0,3,0,1,3,2,0,0,15,4,0,15,9,9,8,1,0,0,0,1,0,0,0,0,0,4,0,0
9,11-09-15,R,F,3,9_11.09.2015_R.JPG,Unconfirmed,X: 10 - 90% / Y: 0 - 100%,0,2,0,0,0,0,0,0,0,0,1,0,0,0,0,0,0,0,0,4,19,8,19,1,0,0,0,0,0,7,0,0,0,39,0,0
10,09-10-15,R,F,3,10_09.10.2015_R.JPG,Unconfirmed,X: 10 - 90% / Y: 0 - 100%,0,0,0,0,0,1,0,0,0,0,0,0,0,0,0,0,0,3,0,8,12,5,8,0,0,0,0,1,0,7,5,0,0,49,1,0
1,09-10-15,Y,F,3,1_09.10.2015_Y.JPG,Unconfirmed,X: 10 - 90% / Y: 0 - 100%,0,1,0,0,0,0,0,0,0,0,0,0,0,0,1,0,0,0,0,4,8,11,4,0,0,0,0,0,0,17,4,0,0,46,4,0
11,09-10-15,G,F,3,11_09.10.2015_G.JPG,Unconfirmed,X: 10 - 90% / Y: 0 - 100%,0,0,0,0,0,0,0,0,0,3,2,5,0,1,1,1,4,1,0,3,9,3,22,0,0,0,0,2,0,2,19,0,0,17,5,0
12,09-10-15,Y,F,3,12_09.10.2015_Y.JPG,Unconfirmed,X: 10 - 90% / Y: 0 - 100%,0,4,3,0,0,0,0,0,0,0,0,0,0,0,0,0,5,0,0,13,8,7,2,1,0,0,0,0,0,6,0,0,0,51,0,0
2,09-10-15,G,F,3,2_09.10.2015_G.JPG,Unconfirmed,X: 10 - 90% / Y: 0 - 100%,1,2,0,0,2,0,0,1,0,1,1,1,0,0,1,2,2,1,0,4,9,14,1,0,0,0,0,0,0,5,35,0,0,15,2,0
3,09-10-15,R,F,3,3_09.10.2015_R.JPG,Unconfirmed,X: 10 - 90% / Y: 0 - 100%,0,0,0,0,0,0,0,0,0,3,0,0,0,0,1,0,1,0,0,6,5,7,47,3,0,0,0,0,0,4,3,0,0,19,1,0
4,09-10-15,B,F,3,4_09.10.2015_B.JPG,Unconfirmed,X: 10 - 90% / Y: 0 - 100%,0,4,2,0,2,2,0,0,0,1,2,0,1,1,3,0,8,4,0,3,29,12,3,0,0,0,0,0,0,2,0,0,0,20,1,0
5,09-10-15,B,F,3,5_09.10.2015_B.JPG,Unconfirmed,X: 10 - 90% / Y: 0 - 100%,0,1,5,3,5,4,2,1,0,0,0,0,0,0,3,0,3,3,0,9,18,14,5,1,0,0,0,0,0,3,0,0,0,19,1,0
6,09-10-15,G,F,3,6_09.10.2015_G.JPG,Unconfirmed,X: 10 - 90% / Y: 0 - 100%,0,1,3,0,0,0,0,0,0,0,1,2,1,4,1,0,1,3,0,10,12,15,27,1,0,0,0,3,0,3,0,0,0,10,2,0
7,09-10-15,Y,F,3,7_09.10.2015_Y.JPG,Unconfirmed,X: 10 - 90% / Y: 0 - 100%,0,1,0,0,0,0,0,0,0,0,0,0,0,0,0,0,0,1,0,2,15,6,29,1,0,0,0,0,0,7,3,0,0,34,1,0
8,09-10-15,B,F,3,8_09.10.2015_B.JPG,Unconfirmed,X: 10 - 90% / Y: 0 - 100%,4,2,1,3,1,1,1,4,2,2,0,1,2,1,0,0,9,1,0,6,14,7,21,0,0,0,0,2,0,0,0,0,0,14,1,0
9,09-10-15,R,F,3,9_09.10.2015_R.JPG,Unconfirmed,X: 10 - 90% / Y: 0 - 100%,0,0,0,0,1,0,0,0,0,2,0,0,0,0,0,0,0,0,0,8,38,14,18,0,0,0,0,0,0,4,0,0,0,15,0,0
10,16-10-15,R,F,3,10_16.10.2015_R.JPG,Unconfirmed,X: 10 - 90% / Y: 0 - 100%,0,0,0,0,2,0,0,0,0,0,0,0,0,0,1,0,2,0,0,7,17,4,0,1,0,0,0,0,0,5,2,0,0,58,1,0
11,16-10-15,G,F,3,11_16.10.2015_G.JPG,Unconfirmed,X: 10 - 90% / Y: 0 - 100%,1,0,0,0,2,0,0,0,0,0,1,0,0,0,0,0,5,2,0,2,11,3,29,0,0,0,0,2,0,2,10,0,0,26,4,0
1,16-10-15,Y,F,3,1_16.10.2015_Y.JPG,Unconfirmed,X: 10 - 90% / Y: 0 - 100%,0,0,0,0,0,2,0,0,0,2,0,0,0,0,1,0,1,1,0,6,17,14,5,0,0,0,0,0,0,0,1,0,0,50,0,0
12,16-10-15,Y,F,3,12_16.10.2015_Y.JPG,Unconfirmed,X: 10 - 90% / Y: 0 - 100%,0,1,0,0,0,0,0,0,0,3,0,0,0,2,0,0,2,0,0,13,11,15,0,0,0,0,0,1,0,3,1,0,0,48,0,0
2,16-10-15,G,F,3,2_16.10.2015_G.JPG,Unconfirmed,X: 10 - 90% / Y: 0 - 100%,3,1,0,0,0,0,0,0,0,5,3,0,0,0,2,2,3,2,0,3,7,10,3,1,0,0,0,1,0,2,43,0,0,9,0,0
3,16-10-15,R,F,3,3_16.10.2015_R.JPG,Unconfirmed,X: 10 - 90% / Y: 0 - 100%,0,0,0,0,0,0,0,0,0,0,0,0,0,0,3,0,0,12,0,7,11,8,39,0,0,0,0,0,0,8,4,0,0,8,0,0
4,16-10-15,B,F,3,4_16.10.2015_B.JPG,Unconfirmed,X: 10 - 90% / Y: 0 - 100%,0,1,4,1,1,2,0,0,0,2,2,0,1,2,4,0,14,2,0,4,27,10,6,0,0,0,0,1,0,4,0,0,0,12,0,0
5,16-10-15,B,F,3,5_16.10.2015_B.JPG,Unconfirmed,X: 10 - 90% / Y: 0 - 100%,1,1,3,2,8,2,0,2,0,0,1,0,0,0,4,0,0,2,0,7,16,22,5,1,0,0,0,2,0,3,0,0,0,18,0,0
6,16-10-15,G,F,3,6_16.10.2015_G.JPG,Unconfirmed,X: 10 - 90% / Y: 0 - 100%,0,1,2,0,1,3,0,1,0,1,1,0,0,1,1,0,0,4,0,6,21,14,22,0,0,0,0,1,0,3,1,0,0,14,2,0
7,16-10-15,Y,F,3,7_16.10.2015_Y.JPG,Unconfirmed,X: 10 - 90% / Y: 0 - 100%,1,1,0,0,1,0,0,0,0,1,0,0,0,0,0,0,2,0,0,13,7,8,4,0,0,0,0,0,0,4,1,0,0,56,1,0
8,16-10-15,B,F,3,8_16.10.2015_B.JPG,Unconfirmed,X: 10 - 90% / Y: 0 - 100%,5,1,0,5,3,2,0,3,0,2,0,0,0,0,0,0,9,4,0,6,23,9,14,1,0,0,0,1,0,1,0,0,0,11,0,0
9,16-10-15,R,F,3,9_16.10.2015_R.JPG,Unconfirmed,X: 10 - 90% / Y: 0 - 100%,1,1,0,0,6,0,0,0,0,1,0,0,0,0,0,0,0,1,0,13,27,11,23,0,0,0,0,0,0,3,0,0,0,13,0,0
10,23-10-15,R,F,3,10_23.10.2015_R.JPG,Unconfirmed,X: 10 - 90% / Y: 0 - 100%,1,0,1,0,0,0,0,0,0,0,0,0,0,0,0,0,1,1,0,7,27,2,8,0,0,0,0,0,0,3,0,0,0,48,1,0
11,23-10-15,G,F,3,11_23.10.2015_G.JPG,Unconfirmed,X: 10 - 90% / Y: 0 - 100%,0,0,0,0,1,0,0,0,0,0,2,0,0,0,0,3,5,0,0,5,11,5,30,0,0,0,0,1,0,0,8,0,0,29,0,0
12,23-10-15,Y,F,3,12_23.10.2015_Y.JPG,Unconfirmed,X: 10 - 90% / Y: 0 - 100%,0,2,0,1,0,0,0,0,0,0,2,0,0,0,0,0,4,1,0,11,12,4,2,1,0,0,0,0,0,0,1,0,0,59,0,0
1,23-10-15,Y,F,3,1_23.10.2015_Y.JPG,Unconfirmed,X: 10 - 90% / Y: 0 - 100%,0,2,0,1,0,1,0,0,0,0,0,0,0,0,0,0,0,0,0,15,19,15,7,0,0,0,0,0,0,4,1,0,0,35,0,0
2,23-10-15,G,F,3,2_23.10.2015_G.JPG,Unconfirmed,X: 10 - 90% / Y: 0 - 100%,1,0,0,0,0,0,0,0,0,1,1,1,0,0,2,1,8,2,0,1,7,9,2,1,0,0,0,1,0,8,43,0,0,10,1,0
3,23-10-15,R,F,3,3_23.10.2015_R.JPG,Unconfirmed,X: 10 - 90% / Y: 0 - 100%,0,0,0,0,0,0,0,0,0,2,0,0,0,0,0,0,0,2,0,8,2,8,56,0,0,0,0,2,0,7,3,0,0,10,0,0
4,23-10-15,B,F,3,4_23.10.2015_B.JPG,Unconfirmed,X: 10 - 90% / Y: 0 - 100%,2,2,3,2,0,1,0,0,0,2,1,0,1,1,4,1,11,1,0,6,23,14,9,0,0,0,0,3,0,3,0,0,0,10,0,0
5,23-10-15,B,F,3,5_23.10.2015_B.JPG,Unconfirmed,X: 10 - 90% / Y: 0 - 100%,1,0,6,2,6,3,0,1,0,0,0,0,0,0,3,0,0,4,0,12,17,15,2,0,0,0,0,0,0,3,0,0,0,24,1,0
6,23-10-15,G,F,3,6_23.10.2015_G.JPG,Unconfirmed,X: 10 - 90% / Y: 0 - 100%,0,0,3,1,2,3,0,1,0,0,1,0,0,3,3,1,0,3,0,11,16,16,19,0,0,0,0,2,0,1,0,0,0,12,2,0
7,23-10-15,Y,F,3,7_23.10.2015_Y.JPG,Unconfirmed,X: 10 - 90% / Y: 0 - 100%,1,1,0,0,2,0,0,0,0,1,0,0,0,0,1,0,1,0,0,14,13,12,24,0,0,0,0,0,0,0,1,0,0,28,1,0
8,23-10-15,B,F,3,8_23.10.2015_B.JPG,Unconfirmed,X: 10 - 90% / Y: 0 - 100%,2,1,1,3,2,1,0,4,0,3,0,0,2,2,0,1,10,3,0,11,15,8,13,0,0,0,0,0,0,0,0,0,0,16,2,0
9,23-10-15,R,F,3,9_23.10.2015_R.JPG,Unconfirmed,X: 10 - 90% / Y: 0 - 100%,1,0,0,0,1,0,0,0,0,2,2,0,0,0,0,0,0,0,0,10,22,8,19,0,0,0,0,0,0,2,0,0,0,33,0,0
10,20-11-15,R,F,3,10_20.11.2015_R.JPG,Unconfirmed,X: 10 - 90% / Y: 0 - 100%,0,1,0,0,0,0,0,0,0,1,0,0,0,0,0,0,2,1,0,10,22,8,8,1,0,0,0,1,0,2,1,0,0,42,0,0
11,20-11-15,G,F,3,11_20.11.2015_G.JPG,Unconfirmed,X: 10 - 90% / Y: 0 - 100%,0,0,0,0,1,0,0,0,0,3,1,1,0,0,0,4,4,0,0,10,14,4,10,0,0,0,0,0,0,0,20,0,0,26,2,0
1,20-11-15,Y,F,3,1_20.11.2015_Y.JPG,Unconfirmed,X: 10 - 90% / Y: 0 - 100%,0,0,0,0,1,1,0,0,0,3,0,0,0,0,0,0,0,0,0,13,23,15,20,1,0,0,0,0,0,1,2,0,0,20,0,0
12,20-11-15,Y,F,3,12_20.11.2015_Y.JPG,Unconfirmed,X: 10 - 90% / Y: 0 - 100%,0,1,2,0,0,0,0,0,0,3,0,0,0,0,1,0,3,0,0,14,12,14,5,0,0,0,0,0,0,0,1,0,0,44,0,0
2,20-11-15,G,F,3,2_20.11.2015_G.JPG,Unconfirmed,X: 10 - 90% / Y: 0 - 100%,1,2,0,0,0,0,0,0,0,0,0,3,0,0,1,3,7,1,0,2,2,14,0,1,0,0,0,0,0,1,53,0,0,7,2,0
3,20-11-15,R,F,3,3_20.11.2015_R.JPG,Unconfirmed,X: 10 - 90% / Y: 0 - 100%,0,0,0,0,0,0,0,0,0,2,1,0,0,0,0,0,0,1,0,7,10,13,52,0,0,0,0,0,0,2,9,0,0,2,1,0
4,20-11-15,B,F,3,4_20.11.2015_B.JPG,Unconfirmed,X: 10 - 90% / Y: 0 - 100%,0,3,6,2,2,3,0,0,0,3,0,0,1,1,1,2,10,3,0,5,26,8,12,1,0,0,0,1,0,0,0,0,0,10,0,0
5,20-11-15,B,F,3,5_20.11.2015_B.JPG,Unconfirmed,X: 10 - 90% / Y: 0 - 100%,0,2,4,1,2,2,1,5,0,0,0,0,1,0,2,0,1,6,0,19,11,13,1,2,0,0,0,0,0,2,5,0,0,19,1,0
6,20-11-15,G,F,3,6_20.11.2015_G.JPG,Unconfirmed,X: 10 - 90% / Y: 0 - 100%,0,3,4,0,0,3,3,2,0,2,1,0,0,3,2,0,0,2,0,13,16,11,13,1,0,0,0,0,0,0,0,0,0,19,2,0
7,20-11-15,Y,F,3,7_20.11.2015_Y.JPG,Unconfirmed,X: 10 - 90% / Y: 0 - 100%,0,2,0,0,1,0,0,0,0,0,0,0,0,0,1,0,1,1,0,11,17,12,7,0,0,0,0,0,0,2,18,0,0,26,1,0
8,20-11-15,B,F,3,8_20.11.2015_B.JPG,Unconfirmed,X: 10 - 90% / Y: 0 - 100%,5,0,0,4,2,1,1,6,0,5,1,1,2,2,0,0,7,3,0,6,9,10,25,0,0,0,0,2,0,0,0,0,0,8,0,0
9,20-11-15,R,F,3,9_20.11.2015_R.JPG,Unconfirmed,X: 10 - 90% / Y: 0 - 100%,0,0,0,0,0,0,0,0,0,1,0,1,0,0,0,0,0,0,0,6,18,10,32,1,0,0,0,0,0,1,0,0,0,30,0,0
10,27-11-15,R,F,3,10_27.11.2015_R.JPG,Unconfirmed,X: 10 - 90% / Y: 0 - 100%,0,0,0,0,1,0,0,0,0,0,0,0,1,0,0,0,0,2,0,11,23,12,11,1,0,0,0,0,0,5,4,0,0,28,1,0
11,27-11-15,G,F,3,11_27.11.2015_G.JPG,Unconfirmed,X: 10 - 90% / Y: 0 - 100%,0,0,1,0,0,0,0,0,0,3,1,1,0,0,1,4,4,0,0,10,24,5,9,1,0,0,0,1,0,2,12,0,0,16,5,0
12,27-11-15,Y,F,3,12_27.11.2015_Y.JPG,Unconfirmed,X: 10 - 90% / Y: 0 - 100%,0,1,3,0,0,0,0,0,0,1,1,0,0,1,0,0,1,0,0,17,12,17,22,0,0,0,0,0,0,3,2,0,0,18,1,0
1,27-11-15,Y,F,3,1_27.11.2015_Y.JPG,Unconfirmed,X: 10 - 90% / Y: 0 - 100%,0,0,3,0,0,1,0,0,0,1,0,0,0,0,0,0,0,0,0,20,25,14,13,1,0,0,0,0,0,6,2,0,0,11,3,0
2,27-11-15,G,F,3,2_27.11.2015_G.JPG,Unconfirmed,X: 10 - 90% / Y: 0 - 100%,0,0,0,1,0,0,0,0,0,0,0,2,0,0,0,2,3,0,0,2,3,8,0,0,0,0,0,1,0,11,44,0,0,17,6,0
3,27-11-15,R,F,3,3_27.11.2015_R.JPG,Unconfirmed,X: 10 - 90% / Y: 0 - 100%,0,1,1,0,0,0,0,0,0,1,0,0,0,0,1,0,1,0,0,19,23,8,15,1,0,0,0,0,0,3,13,0,0,11,2,0
4,27-11-15,B,F,3,4_27.11.2015_B.JPG,Unconfirmed,X: 10 - 90% / Y: 0 - 100%,0,3,6,2,0,0,0,0,0,1,0,1,1,1,2,1,13,1,0,5,24,13,14,1,0,0,0,1,0,1,0,0,0,9,0,0
5,27-11-15,B,F,3,5_27.11.2015_B.JPG,Unconfirmed,X: 10 - 90% / Y: 0 - 100%,2,0,3,2,12,1,0,2,0,0,0,0,0,0,7,0,0,1,0,12,18,16,1,0,0,0,0,0,0,2,6,0,0,14,1,0
6,27-11-15,G,F,3,6_27.11.2015_G.JPG,Unconfirmed,X: 10 - 90% / Y: 0 - 100%,0,1,6,0,2,3,0,3,0,2,0,1,0,2,1,0,0,1,0,10,17,12,20,2,0,0,0,1,0,0,0,0,0,11,5,0
7,27-11-15,Y,F,3,7_27.11.2015_Y.JPG,Unconfirmed,X: 10 - 90% / Y: 0 - 100%,0,1,0,0,3,0,0,0,0,0,1,0,0,0,6,0,0,0,0,23,14,9,8,1,0,0,0,0,0,1,7,0,0,24,2,0
8,27-11-15,B,F,3,8_27.11.2015_B.JPG,Unconfirmed,X: 10 - 90% / Y: 0 - 100%,3,6,0,6,2,3,0,5,0,0,1,2,0,0,0,1,0,2,0,11,15,10,25,1,0,0,0,0,0,0,0,0,0,7,0,0
9,27-11-15,R,F,3,9_27.11.2015_R.JPG,Unconfirmed,X: 10 - 90% / Y: 0 - 100%,0,2,1,0,0,0,0,0,0,0,0,1,0,0,1,0,0,2,0,7,42,15,14,1,0,0,0,0,0,8,0,0,0,5,1,0
10,04-12-15,R,F,3,10_04.12.2015_R.JPG,Unconfirmed,X: 10 - 90% / Y: 0 - 100%,0,0,0,0,1,0,0,0,0,0,0,0,0,0,1,0,1,2,0,11,19,6,1,0,0,0,0,0,0,8,6,0,0,43,1,0
1,04-12-15,Y,F,3,1_04.12.2015_Y.JPG,Unconfirmed,X: 10 - 90% / Y: 0 - 100%,0,0,0,0,0,0,0,0,0,2,0,1,0,1,0,0,1,8,0,22,18,16,9,0,0,0,0,0,0,3,3,0,0,16,0,0
11,04-12-15,G,F,3,11_04.12.2015_G.JPG,Unconfirmed,X: 10 - 90% / Y: 0 - 100%,0,3,0,0,0,2,0,1,0,2,0,0,1,0,2,2,2,0,0,12,23,9,9,1,0,0,0,0,0,2,14,0,0,12,3,0
2,04-12-15,G,F,3,2_04.12.2015_G.JPG,Unconfirmed,X: 10 - 90% / Y: 0 - 100%,1,0,0,0,0,0,0,0,0,0,0,0,1,0,9,2,8,3,0,3,3,6,0,1,0,0,0,0,0,7,36,0,0,19,1,0
3,04-12-15,R,F,3,3_04.12.2015_R.JPG,Unconfirmed,X: 10 - 90% / Y: 0 - 100%,0,2,0,0,0,0,0,0,0,0,0,0,0,0,0,0,0,3,0,13,29,16,17,0,0,0,0,0,0,5,8,0,0,7,0,0
4,04-12-15,B,F,3,4_04.12.2015_B.JPG,Unconfirmed,X: 10 - 90% / Y: 0 - 100%,0,2,5,0,1,3,1,0,0,1,0,4,0,0,2,4,1,3,0,4,16,14,25,2,0,0,0,1,0,1,0,0,0,9,1,0
5,04-12-15,B,F,3,5_04.12.2015_B.JPG,Unconfirmed,X: 10 - 90% / Y: 0 - 100%,0,2,6,2,6,1,0,3,0,0,0,1,0,0,6,0,1,3,0,22,10,15,2,0,0,0,0,1,0,2,9,0,0,8,0,0
6,04-12-15,G,F,3,6_04.12.2015_G.JPG,Unconfirmed,X: 10 - 90% / Y: 0 - 100%,0,1,4,2,1,3,0,4,0,2,0,0,0,1,0,0,0,2,0,12,22,12,17,0,0,0,0,1,0,0,0,0,0,14,2,0
7,04-12-15,Y,F,3,7_04.12.2015_Y.JPG,Unconfirmed,X: 10 - 90% / Y: 0 - 100%,0,1,2,0,1,0,0,0,0,0,0,0,0,0,0,0,2,0,0,21,14,12,9,0,0,0,0,0,0,5,2,0,0,27,4,0
8,04-12-15,B,F,3,8_04.12.2015_B.JPG,Unconfirmed,X: 10 - 90% / Y: 0 - 100%,1,3,0,4,3,3,0,3,0,1,0,0,1,1,0,4,8,2,0,12,22,8,18,1,0,0,0,1,0,0,0,0,0,2,2,0
9,04-12-15,R,F,3,9_04.12.2015_R.JPG,Unconfirmed,X: 10 - 90% / Y: 0 - 100%,0,2,2,1,0,0,0,0,0,0,0,0,0,0,0,0,0,0,0,12,16,15,46,1,0,0,0,0,0,1,0,0,0,4,0,0
10,02-01-16,R,F,3,10_02.01.2016_R.JPG,Unconfirmed,X: 10 - 90% / Y: 0 - 100%,0,0,0,0,1,0,0,0,0,0,0,0,0,0,0,0,0,1,0,7,17,11,2,0,0,0,0,1,0,12,1,0,0,43,4,0
1,02-01-16,Y,F,3,1_02.01.2016_Y.JPG,Unconfirmed,X: 10 - 90% / Y: 0 - 100%,0,0,2,0,2,0,0,0,0,2,0,0,0,1,0,0,0,1,0,14,35,19,5,0,0,0,0,0,0,3,3,0,0,13,0,0
11,02-01-16,G,F,3,11_02.01.2016_G.JPG,Unconfirmed,X: 10 - 90% / Y: 0 - 100%,0,0,1,1,3,0,0,0,0,0,1,0,0,2,1,0,5,7,0,6,22,12,23,0,0,0,0,1,0,4,1,0,0,9,1,0
12,02-01-16,Y,F,3,12_02.01.2016_Y.JPG,Unconfirmed,X: 10 - 90% / Y: 0 - 100%,0,0,0,0,0,0,0,0,0,3,1,1,0,0,1,0,3,1,0,11,11,14,3,2,0,0,0,1,0,5,6,0,0,35,2,0
2,02-01-16,G,F,3,2_02.01.2016_G.JPG,Unconfirmed,X: 10 - 90% / Y: 0 - 100%,0,0,0,0,0,0,0,0,0,0,2,0,0,0,6,2,15,2,0,7,6,6,5,0,0,0,0,1,0,10,4,0,0,28,6,0
3,02-01-16,R,F,3,3_02.01.2016_R.JPG,Unconfirmed,X: 10 - 90% / Y: 0 - 100%,0,0,0,0,2,0,0,0,0,2,0,0,0,0,1,0,0,1,0,14,8,10,33,6,0,0,0,0,0,2,2,0,0,11,8,0
4,02-01-16,B,F,3,4_02.01.2016_B.JPG,Unconfirmed,X: 10 - 90% / Y: 0 - 100%,0,1,2,0,0,1,0,0,0,2,0,1,1,0,0,0,14,0,0,5,22,16,26,0,0,0,0,0,0,0,0,0,0,9,0,0
5,02-01-16,B,F,3,5_02.01.2016_B.JPG,Unconfirmed,X: 10 - 90% / Y: 0 - 100%,0,2,5,0,1,0,0,0,0,1,0,0,0,0,7,0,2,3,0,8,14,10,3,0,0,0,0,1,0,13,22,0,0,8,0,0
6,02-01-16,G,F,3,6_02.01.2016_G.JPG,Unconfirmed,X: 10 - 90% / Y: 0 - 100%,0,1,0,0,1,5,0,0,0,1,0,0,1,0,3,5,0,2,0,6,5,10,35,0,0,0,0,1,0,7,1,0,0,13,3,0
7,02-01-16,Y,F,3,7_02.01.2016_Y.JPG,Unconfirmed,X: 10 - 90% / Y: 0 - 100%,0,0,1,0,6,0,0,0,0,1,0,0,0,0,2,0,0,3,0,25,14,14,16,0,0,0,0,0,0,3,1,0,0,11,3,0
8,02-01-16,B,F,3,8_02.01.2016_B.JPG,Unconfirmed,X: 10 - 90% / Y: 0 - 100%,2,2,0,1,0,3,0,0,0,1,1,1,3,0,0,5,8,2,0,10,11,7,22,4,0,0,0,5,0,0,1,0,0,10,1,0
9,02-01-16,R,F,3,9_02.01.2016_R.JPG,Unconfirmed,X: 10 - 90% / Y: 0 - 100%,0,0,0,0,0,0,0,0,0,0,0,0,0,0,0,0,0,2,0,9,12,17,24,1,0,0,0,0,0,2,0,0,0,33,0,0
10,08-01-16,R,F,3,10_08.01.2016_R.JPG,Unconfirmed,X: 10 - 90% / Y: 0 - 100%,0,0,0,0,2,0,0,0,0,0,0,0,0,0,2,0,1,1,0,3,18,2,0,0,0,0,0,0,0,4,1,0,0,66,0,0
1,08-01-16,Y,F,3,1_08.01.2016_Y.JPG,Unconfirmed,X: 10 - 90% / Y: 0 - 100%,0,0,1,0,1,0,0,0,0,2,0,0,0,1,1,0,0,1,0,14,25,4,2,0,0,0,0,0,0,2,0,0,0,45,1,0
11,08-01-16,G,F,3,11_08.01.2016_G.JPG,Unconfirmed,X: 10 - 90% / Y: 0 - 100%,0,1,0,2,4,0,0,0,0,1,1,0,0,1,3,0,4,0,0,8,14,11,10,1,0,0,0,0,0,2,5,0,0,32,0,0
12,08-01-16,Y,F,3,12_08.01.2016_Y.JPG,Unconfirmed,X: 10 - 90% / Y: 0 - 100%,0,0,0,0,1,0,0,0,0,1,0,0,0,0,0,0,1,1,0,9,5,11,2,0,0,0,0,0,0,1,4,0,0,64,0,0
2,08-01-16,G,F,3,2_08.01.2016_G.JPG,Unconfirmed,X: 10 - 90% / Y: 0 - 100%,0,0,0,0,0,0,0,0,0,1,1,0,0,0,4,0,7,3,0,5,6,8,24,0,0,0,0,0,0,12,5,0,0,22,2,0
3,08-01-16,R,F,3,3_08.01.2016_R.JPG,Unconfirmed,X: 10 - 90% / Y: 0 - 100%,0,0,0,0,1,0,0,0,0,4,2,0,0,0,0,0,0,0,0,6,9,9,41,0,0,0,0,0,0,0,0,0,0,26,2,0
4,08-01-16,B,F,3,4_08.01.2016_B.JPG,Unconfirmed,X: 10 - 90% / Y: 0 - 100%,4,0,1,1,4,0,0,0,0,5,1,0,0,0,1,0,11,1,0,2,12,16,31,0,0,0,0,2,0,0,0,0,0,8,0,0
5,08-01-16,B,F,3,5_08.01.2016_B.JPG,Unconfirmed,X: 10 - 90% / Y: 0 - 100%,2,1,1,0,5,0,0,0,0,0,1,0,0,1,4,0,0,8,0,3,13,15,8,0,0,0,0,1,0,14,3,0,0,20,0,0
6,08-01-16,G,F,3,6_08.01.2016_G.JPG,Unconfirmed,X: 10 - 90% / Y: 0 - 100%,0,0,0,1,5,6,0,0,0,1,0,0,0,0,0,0,1,6,0,6,2,10,39,0,0,0,0,0,0,4,1,0,0,16,2,0
7,08-01-16,Y,F,3,7_08.01.2016_Y.JPG,Unconfirmed,X: 10 - 90% / Y: 0 - 100%,0,0,0,0,2,0,0,0,0,3,0,0,0,0,1,0,0,6,0,24,15,13,8,0,0,0,0,0,0,0,0,0,0,28,0,0
8,08-01-16,B,F,3,8_08.01.2016_B.JPG,Unconfirmed,X: 10 - 90% / Y: 0 - 100%,2,0,0,3,2,3,0,2,0,5,0,0,2,1,0,0,2,2,0,3,16,4,21,1,0,0,0,1,0,0,0,0,0,28,2,0
9,08-01-16,R,F,3,9_08.01.2016_R.JPG,Unconfirmed,X: 10 - 90% / Y: 0 - 100%,1,0,0,0,0,0,0,0,0,1,0,0,0,0,0,0,0,0,0,4,6,10,10,0,0,0,0,0,0,0,0,0,0,68,0,0
10,15-01-16,R,F,3,10_15.01.2016_R.JPG,Unconfirmed,X: 10 - 90% / Y: 0 - 100%,0,0,0,0,3,0,0,0,0,0,0,0,0,2,0,0,1,0,0,1,16,8,13,0,0,0,0,2,0,4,4,0,0,43,3,0
11,15-01-16,G,F,3,11_15.01.2016_G.JPG,Unconfirmed,X: 10 - 90% / Y: 0 - 100%,0,0,2,0,1,0,0,0,0,0,0,0,0,3,2,0,3,6,0,8,8,12,22,0,0,0,0,2,0,3,7,0,0,20,1,0
1,15-01-16,Y,F,3,1_15.01.2016_Y.JPG,Unconfirmed,X: 10 - 90% / Y: 0 - 100%,0,0,0,0,4,0,0,0,0,2,0,0,0,2,4,0,0,0,0,13,20,13,3,1,0,0,0,0,0,4,0,0,0,34,0,0
12,15-01-16,Y,F,3,12_15.01.2016_Y.JPG,Unconfirmed,X: 10 - 90% / Y: 0 - 100%,0,0,0,0,2,0,0,0,0,2,1,0,0,0,2,0,1,0,0,14,13,7,10,0,0,0,0,0,0,4,5,0,0,39,0,0
2,15-01-16,G,F,3,2_15.01.2016_G.JPG,Unconfirmed,X: 10 - 90% / Y: 0 - 100%,6,0,2,1,4,0,0,0,0,1,0,0,0,0,4,0,10,4,0,7,4,10,5,1,0,0,0,0,0,5,2,0,0,31,3,0
3,15-01-16,R,F,3,3_15.01.2016_R.JPG,Unconfirmed,X: 10 - 90% / Y: 0 - 100%,0,0,0,0,0,0,0,0,0,2,0,0,0,0,0,0,0,0,0,6,9,11,51,0,0,0,0,0,0,1,0,0,0,20,0,0
4,15-01-16,B,F,3,4_15.01.2016_B.JPG,Unconfirmed,X: 10 - 90% / Y: 0 - 100%,1,2,1,1,7,1,0,0,0,3,1,0,0,1,0,0,1,1,0,0,25,13,31,0,0,0,0,0,0,0,0,0,0,11,0,0
5,15-01-16,B,F,3,5_15.01.2016_B.JPG,Unconfirmed,X: 10 - 90% / Y: 0 - 100%,0,1,2,1,4,0,0,0,0,0,1,0,0,0,6,0,0,5,0,18,26,17,3,0,0,0,0,0,0,1,0,0,0,15,0,0
6,15-01-16,G,F,3,6_15.01.2016_G.JPG,Unconfirmed,X: 10 - 90% / Y: 0 - 100%,0,0,0,3,1,1,0,0,0,0,0,0,0,0,1,0,0,5,0,5,18,9,27,0,0,0,0,0,0,7,2,0,0,20,1,0
7,15-01-16,Y,F,3,7_15.01.2016_Y.JPG,Unconfirmed,X: 10 - 90% / Y: 0 - 100%,0,0,0,0,6,0,0,0,0,2,0,0,0,0,4,0,0,1,0,17,22,13,15,0,0,0,0,0,0,2,0,0,0,18,0,0
8,15-01-16,B,F,3,8_15.01.2016_B.JPG,Unconfirmed,X: 10 - 90% / Y: 0 - 100%,1,0,0,0,4,2,0,2,0,4,0,0,1,0,0,2,6,2,0,1,11,9,28,0,0,0,0,3,0,0,0,0,0,24,0,0
9,15-01-16,R,F,3,9_15.01.2016_R.JPG,Unconfirmed,X: 10 - 90% / Y: 0 - 100%,0,0,0,0,4,0,0,0,0,2,1,0,0,0,1,0,0,0,0,2,5,11,14,0,0,0,0,0,0,0,0,0,0,60,0,0
10,23-01-16,R,F,3,10_23.01.2016_R.JPG,Unconfirmed,X: 10 - 90% / Y: 0 - 100%,0,0,0,0,0,0,0,0,0,2,0,1,0,0,1,0,2,0,0,9,11,5,8,2,0,0,0,0,0,11,5,0,0,35,8,0
11,23-01-16,G,F,3,11_23.01.2016_G.JPG,Unconfirmed,X: 10 - 90% / Y: 0 - 100%,1,0,3,0,0,2,0,0,0,0,1,0,0,1,1,0,5,3,0,12,12,8,20,1,0,0,0,1,0,8,9,0,0,12,0,0
12,23-01-16,Y,F,3,12_23.01.2016_Y.JPG,Unconfirmed,X: 10 - 90% / Y: 0 - 100%,0,0,1,0,0,0,0,0,0,4,0,0,0,0,0,0,3,0,0,10,18,14,10,0,0,0,0,0,0,7,2,0,0,30,1,0
1,23-01-16,Y,F,3,1_23.01.2016_Y.JPG,Unconfirmed,X: 10 - 90% / Y: 0 - 100%,0,0,2,0,0,0,0,0,0,3,0,0,0,2,3,0,0,0,0,14,21,15,14,3,0,0,0,0,0,6,6,0,0,9,2,0
2,23-01-16,G,F,3,2_23.01.2016_G.JPG,Unconfirmed,X: 10 - 90% / Y: 0 - 100%,0,0,1,1,1,2,0,0,0,0,0,0,0,2,4,0,5,1,0,15,8,10,27,0,0,0,0,0,0,9,3,0,0,9,2,0
3,23-01-16,R,F,3,3_23.01.2016_R.JPG,Unconfirmed,X: 10 - 90% / Y: 0 - 100%,0,0,0,0,0,0,0,0,0,0,0,0,0,0,0,0,0,0,0,18,12,12,50,0,0,0,0,0,0,2,0,0,0,6,0,0
4,23-01-16,B,F,3,4_23.01.2016_B.JPG,Unconfirmed,X: 10 - 90% / Y: 0 - 100%,0,2,2,2,0,3,0,0,0,1,0,0,0,0,0,1,10,1,0,7,22,15,24,1,0,0,0,2,0,2,0,0,0,4,1,0
5,23-01-16,B,F,3,5_23.01.2016_B.JPG,Unconfirmed,X: 10 - 90% / Y: 0 - 100%,0,2,5,4,3,0,2,0,0,0,0,0,0,0,4,0,1,0,0,23,23,20,0,1,0,0,0,0,0,2,0,0,0,9,1,0
6,23-01-16,G,F,3,6_23.01.2016_G.JPG,Unconfirmed,X: 10 - 90% / Y: 0 - 100%,0,0,1,0,0,1,0,0,0,2,0,2,0,0,0,5,1,2,0,10,16,11,18,5,0,0,0,1,0,8,1,0,0,16,0,0
7,23-01-16,Y,F,3,7_23.01.2016_Y.JPG,Unconfirmed,X: 10 - 90% / Y: 0 - 100%,0,0,0,0,2,0,0,0,0,2,0,1,0,0,1,0,0,0,0,27,10,17,28,0,0,0,0,0,0,2,0,0,0,6,4,0
8,23-01-16,B,F,3,8_23.01.2016_B.JPG,Unconfirmed,X: 10 - 90% / Y: 0 - 100%,2,2,1,0,0,0,0,1,1,4,1,1,3,3,0,3,6,3,0,4,12,9,17,2,0,0,0,1,0,2,0,0,0,18,4,0
9,23-01-16,R,F,3,9_23.01.2016_R.JPG,Unconfirmed,X: 10 - 90% / Y: 0 - 100%,0,0,0,0,0,0,0,0,0,3,0,0,0,0,0,0,0,0,0,3,11,13,17,0,0,0,0,0,0,1,0,0,0,51,1,0
10,29-01-16,R,F,3,10_29.01.2016_R.JPG,Unconfirmed,X: 10 - 90% / Y: 0 - 100%,0,0,0,0,0,0,0,0,0,1,0,0,0,0,2,0,0,0,0,1,10,6,10,1,0,0,0,0,0,26,9,0,0,31,3,0
11,29-01-16,G,F,3,11_29.01.2016_G.JPG,Unconfirmed,X: 10 - 90% / Y: 0 - 100%,1,1,4,0,0,0,0,0,0,0,2,0,0,4,1,0,4,0,0,2,19,9,33,0,0,0,0,0,0,9,7,0,0,4,0,0
12,29-01-16,Y,F,3,12_29.01.2016_Y.JPG,Unconfirmed,X: 10 - 90% / Y: 0 - 100%,0,1,1,0,0,0,0,0,0,3,1,0,0,0,0,0,1,0,0,14,15,11,11,0,0,0,0,0,0,2,7,0,0,32,1,0
1,29-01-16,Y,F,3,1_29.01.2016_Y.JPG,Unconfirmed,X: 10 - 90% / Y: 0 - 100%,0,0,0,0,0,0,0,0,0,2,0,0,0,2,1,0,0,0,0,14,22,14,11,0,0,0,0,0,0,4,9,0,0,19,2,0
2,29-01-16,G,F,3,2_29.01.2016_G.JPG,Unconfirmed,X: 10 - 90% / Y: 0 - 100%,2,0,0,1,2,0,0,0,0,0,0,0,0,0,6,0,4,2,0,6,11,14,11,0,0,0,0,0,0,8,17,0,0,15,1,0
3,29-01-16,R,F,3,3_29.01.2016_R.JPG,Unconfirmed,X: 10 - 90% / Y: 0 - 100%,0,0,0,0,0,0,0,0,0,2,0,0,0,0,0,0,0,0,0,7,7,13,66,2,0,0,0,0,0,0,0,0,0,3,0,0
4,29-01-16,B,F,3,4_29.01.2016_B.JPG,Unconfirmed,X: 10 - 90% / Y: 0 - 100%,0,2,1,2,1,1,0,0,0,3,1,0,0,2,0,1,14,0,0,7,25,10,21,1,0,0,0,1,0,1,0,0,0,6,0,0
5,29-01-16,B,F,3,5_29.01.2016_B.JPG,Unconfirmed,X: 10 - 90% / Y: 0 - 100%,0,2,3,1,5,1,2,0,0,0,1,0,0,0,5,0,0,1,0,26,19,17,4,1,0,0,0,0,0,2,1,0,0,9,0,0
6,29-01-16,G,F,3,6_29.01.2016_G.JPG,Unconfirmed,X: 10 - 90% / Y: 0 - 100%,1,0,3,2,1,2,0,0,0,3,0,3,0,1,3,4,0,1,0,3,10,8,33,5,0,0,0,0,0,8,1,0,0,8,0,0
7,29-01-16,Y,F,3,7_29.01.2016_Y.JPG,Unconfirmed,X: 10 - 90% / Y: 0 - 100%,0,0,0,0,0,0,0,0,0,1,0,0,0,0,0,0,0,0,0,12,17,18,45,1,0,0,0,0,0,1,0,0,0,4,1,0
8,29-01-16,B,F,3,8_29.01.2016_B.JPG,Unconfirmed,X: 10 - 90% / Y: 0 - 100%,2,1,1,0,1,1,0,0,0,3,1,0,2,2,0,5,10,3,0,5,15,6,19,1,0,0,0,1,0,1,0,0,0,17,3,0
9,29-01-16,R,F,3,9_29.01.2016_R.JPG,Unconfirmed,X: 10 - 90% / Y: 0 - 100%,0,0,0,0,2,0,0,0,0,4,0,0,0,0,0,0,0,0,0,3,18,11,25,0,0,0,0,1,0,0,0,0,0,36,0,0
10,05-02-16,R,F,3,10_05.02.2016_R.JPG,Unconfirmed,X: 10 - 90% / Y: 0 - 100%,0,0,0,0,0,0,0,0,0,3,0,0,0,0,0,0,0,0,0,6,11,6,12,6,0,0,0,1,0,3,14,0,0,36,2,0
1,05-02-16,Y,F,3,1_05.02.2016_Y.JPG,Unconfirmed,X: 10 - 90% / Y: 0 - 100%,0,0,0,0,0,0,0,0,0,2,0,0,0,2,4,0,0,0,0,11,9,13,22,0,0,0,0,0,0,4,8,0,0,24,1,0
11,05-02-16,G,F,3,11_05.02.2016_G.JPG,Unconfirmed,X: 10 - 90% / Y: 0 - 100%,1,0,2,0,0,0,0,0,0,2,0,1,0,3,1,0,5,1,0,2,7,7,29,0,0,0,0,2,0,8,14,0,0,13,2,0
12,05-02-16,Y,F,3,12_05.02.2016_Y.JPG,Unconfirmed,X: 10 - 90% / Y: 0 - 100%,0,0,1,0,0,0,0,0,0,0,1,0,0,0,0,0,0,3,0,10,14,15,4,2,0,0,0,1,0,0,5,0,0,44,0,0
2,05-02-16,G,F,3,2_05.02.2016_G.JPG,Unconfirmed,X: 10 - 90% / Y: 0 - 100%,1,1,0,0,0,0,0,0,0,0,0,1,0,0,4,1,9,1,0,3,8,17,15,2,0,0,0,1,0,3,12,0,0,21,0,0
3,05-02-16,R,F,3,3_05.02.2016_R.JPG,Unconfirmed,X: 10 - 90% / Y: 0 - 100%,0,0,0,0,0,0,0,0,0,3,0,0,0,0,0,0,0,0,0,4,6,14,54,3,0,0,0,0,0,0,1,0,0,15,0,0
4,05-02-16,B,F,3,4_05.02.2016_B.JPG,Unconfirmed,X: 10 - 90% / Y: 0 - 100%,0,1,3,0,2,2,0,0,0,1,0,0,1,0,1,1,15,0,0,7,15,11,21,0,0,0,0,0,0,1,0,0,0,11,7,0
5,05-02-16,B,F,3,5_05.02.2016_B.JPG,Unconfirmed,X: 10 - 90% / Y: 0 - 100%,0,1,2,4,3,1,2,0,0,1,0,0,1,1,6,0,1,2,0,26,18,19,0,2,0,0,0,0,0,1,3,0,0,6,0,0
6,05-02-16,G,F,3,6_05.02.2016_G.JPG,Unconfirmed,X: 10 - 90% / Y: 0 - 100%,0,0,0,1,1,0,0,0,0,3,0,0,0,2,3,3,0,1,0,0,13,8,37,1,0,0,0,2,0,5,3,0,0,14,3,0
7,05-02-16,Y,F,3,7_05.02.2016_Y.JPG,Unconfirmed,X: 10 - 90% / Y: 0 - 100%,0,0,0,0,0,0,0,0,0,1,0,0,0,1,0,0,0,0,0,1,7,15,64,0,0,0,0,0,0,2,0,0,0,9,0,0
8,05-02-16,B,F,3,8_05.02.2016_B.JPG,Unconfirmed,X: 10 - 90% / Y: 0 - 100%,2,2,0,1,0,0,0,0,0,3,1,1,1,2,0,3,7,4,0,7,12,12,16,1,0,0,0,3,0,0,0,0,0,22,0,0
9,05-02-16,R,F,3,9_05.02.2016_R.JPG,Unconfirmed,X: 10 - 90% / Y: 0 - 100%,0,0,0,0,0,0,0,0,0,2,0,2,0,0,0,0,0,0,0,1,16,11,44,3,0,0,0,0,0,0,0,0,0,21,0,0
10,12-02-16,R,F,3,10_12.02.2016_R.JPG,Unconfirmed,X: 10 - 90% / Y: 0 - 100%,1,0,0,0,0,0,0,0,0,1,0,0,0,1,0,0,1,0,0,5,9,4,17,0,0,0,0,0,0,4,8,0,0,49,0,0
11,12-02-16,G,F,3,11_12.02.2016_G.JPG,Unconfirmed,X: 10 - 90% / Y: 0 - 100%,1,0,0,0,1,0,0,0,0,0,2,0,0,3,1,0,5,2,0,2,6,6,13,0,0,0,0,1,0,11,18,0,0,28,0,0
1,12-02-16,Y,F,3,1_12.02.2016_Y.JPG,Unconfirmed,X: 10 - 90% / Y: 0 - 100%,0,0,0,0,1,0,0,0,0,1,0,0,0,2,1,0,0,0,0,13,14,3,4,0,0,0,0,0,0,5,4,0,0,51,1,0
12,12-02-16,Y,F,3,12_12.02.2016_Y.JPG,Unconfirmed,X: 10 - 90% / Y: 0 - 100%,0,0,0,0,0,0,0,0,0,0,1,0,0,2,1,0,0,4,0,9,12,15,2,0,0,0,0,0,0,0,4,0,0,50,0,0
2,12-02-16,G,F,3,2_12.02.2016_G.JPG,Unconfirmed,X: 10 - 90% / Y: 0 - 100%,3,0,0,0,0,0,0,0,0,0,0,0,0,1,4,0,1,2,0,3,10,17,11,0,0,0,0,0,0,11,21,0,0,16,0,0
3,12-02-16,R,F,3,3_12.02.2016_R.JPG,Unconfirmed,X: 10 - 90% / Y: 0 - 100%,0,0,0,0,0,0,0,0,0,2,0,0,0,0,0,0,0,1,0,4,9,15,43,1,0,0,0,0,0,0,0,0,0,24,1,0
4,12-02-16,B,F,3,4_12.02.2016_B.JPG,Unconfirmed,X: 10 - 90% / Y: 0 - 100%,1,0,0,2,6,2,0,0,0,9,0,0,1,0,2,0,16,0,0,4,22,16,4,0,0,0,0,1,0,0,0,0,0,14,0,0
5,12-02-16,B,F,3,5_12.02.2016_B.JPG,Unconfirmed,X: 10 - 90% / Y: 0 - 100%,0,1,4,3,3,1,0,0,0,1,0,0,1,0,6,0,0,2,0,18,21,20,1,0,0,0,0,1,0,2,5,0,0,9,1,0
6,12-02-16,G,F,3,6_12.02.2016_G.JPG,Unconfirmed,X: 10 - 90% / Y: 0 - 100%,0,0,0,1,2,0,0,0,0,0,0,0,0,4,1,2,0,2,0,7,8,9,45,0,0,0,0,0,0,7,3,0,0,8,1,0
7,12-02-16,Y,F,3,7_12.02.2016_Y.JPG,Unconfirmed,X: 10 - 90% / Y: 0 - 100%,0,0,0,0,0,0,0,0,0,1,0,0,0,0,0,0,0,0,0,14,14,18,42,0,0,0,0,0,0,1,0,0,0,9,1,0
8,12-02-16,B,F,3,8_12.02.2016_B.JPG,Unconfirmed,X: 10 - 90% / Y: 0 - 100%,4,0,0,0,3,2,0,1,0,1,0,0,0,0,0,0,7,5,0,1,4,8,42,1,0,0,0,1,0,0,0,0,0,20,0,0
9,12-02-16,R,F,3,9_12.02.2016_R.JPG,Unconfirmed,X: 10 - 90% / Y: 0 - 100%,0,0,0,0,0,0,0,0,0,2,1,0,0,0,0,0,0,0,0,1,5,9,41,0,0,0,0,1,0,1,0,0,0,39,0,0
10,19-02-16,R,F,3,10_19.02.2016_R.JPG,Unconfirmed,X: 10 - 90% / Y: 0 - 100%,0,1,0,0,0,0,0,0,0,0,0,1,0,1,0,0,0,0,0,7,20,7,24,0,0,0,0,0,0,1,6,0,0,31,1,0
11,19-02-16,G,F,3,11_19.02.2016_G.JPG,Unconfirmed,X: 10 - 90% / Y: 0 - 100%,0,0,1,0,0,1,0,0,0,0,3,2,0,3,1,1,4,0,0,2,9,4,12,1,0,0,0,0,0,14,32,0,0,9,1,0
1,19-02-16,Y,F,3,1_19.02.2016_Y.JPG,Unconfirmed,X: 10 - 90% / Y: 0 - 100%,0,0,1,0,3,0,0,0,0,1,0,0,0,2,0,0,0,0,0,20,9,10,8,1,0,0,0,0,0,4,3,0,0,31,7,0
12,19-02-16,Y,F,3,12_19.02.2016_Y.JPG,Unconfirmed,X: 10 - 90% / Y: 0 - 100%,0,0,1,0,0,0,0,0,0,3,2,0,0,0,1,0,0,1,0,14,21,13,0,2,0,0,0,0,0,1,17,0,0,24,0,0
2,19-02-16,G,F,3,2_19.02.2016_G.JPG,Unconfirmed,X: 10 - 90% / Y: 0 - 100%,0,2,0,0,1,0,0,0,0,1,0,0,0,0,4,0,5,3,0,7,2,17,22,0,0,0,0,0,0,1,19,0,0,14,2,0
3,19-02-16,R,F,3,3_19.02.2016_R.JPG,Unconfirmed,X: 10 - 90% / Y: 0 - 100%,0,0,0,0,0,0,0,0,0,3,0,0,0,0,0,0,0,0,0,7,4,11,52,6,0,0,0,0,0,0,1,0,0,15,1,0
4,19-02-16,B,F,3,4_19.02.2016_B.JPG,Unconfirmed,X: 10 - 90% / Y: 0 - 100%,0,2,3,2,0,4,1,0,0,1,0,2,1,1,0,0,11,1,0,6,26,10,18,0,0,0,0,1,0,0,0,0,0,7,3,0
5,19-02-16,B,F,3,5_19.02.2016_B.JPG,Unconfirmed,X: 10 - 90% / Y: 0 - 100%,1,1,5,4,2,0,3,0,0,0,0,0,2,1,7,0,0,1,0,22,18,17,0,2,0,0,0,1,0,1,6,0,0,6,0,0
6,19-02-16,G,F,3,6_19.02.2016_G.JPG,Unconfirmed,X: 10 - 90% / Y: 0 - 100%,0,0,1,0,2,0,0,2,0,4,0,1,0,2,7,3,1,1,0,6,10,9,35,0,0,0,0,1,0,3,2,0,0,9,1,0
7,19-02-16,Y,F,3,7_19.02.2016_Y.JPG,Unconfirmed,X: 10 - 90% / Y: 0 - 100%,0,0,0,0,3,0,0,0,0,1,0,1,0,0,0,0,0,0,0,15,17,13,30,0,0,0,0,0,0,4,3,0,0,11,2,0
8,19-02-16,B,F,3,8_19.02.2016_B.JPG,Unconfirmed,X: 10 - 90% / Y: 0 - 100%,2,3,0,0,0,0,0,0,0,4,0,1,1,3,0,6,14,0,0,8,8,7,18,3,0,0,0,5,0,0,0,0,0,16,1,0
9,19-02-16,R,F,3,9_19.02.2016_R.JPG,Unconfirmed,X: 10 - 90% / Y: 0 - 100%,0,0,0,0,0,0,0,0,0,1,0,0,0,0,0,0,0,0,0,6,8,8,17,1,0,0,0,0,0,1,0,0,0,52,6,0
10,26-02-16,R,F,3,10_26.02.2016_R.JPG,Unconfirmed,X: 10 - 90% / Y: 0 - 100%,0,0,1,0,0,0,0,0,0,2,0,1,0,0,0,1,0,0,0,14,18,8,18,3,0,0,0,2,0,7,9,0,0,15,1,0
11,26-02-16,G,F,3,11_26.02.2016_G.JPG,Unconfirmed,X: 10 - 90% / Y: 0 - 100%,0,0,0,0,0,2,0,0,0,0,0,2,0,2,1,0,1,5,0,1,8,5,33,1,0,0,0,3,0,16,12,0,0,6,2,0
12,26-02-16,Y,F,3,12_26.02.2016_Y.JPG,Unconfirmed,X: 10 - 90% / Y: 0 - 100%,0,0,0,0,0,0,0,0,0,4,1,0,0,0,0,0,1,0,0,13,20,10,1,0,0,0,0,0,0,5,13,0,0,32,0,0
1,26-02-16,Y,F,3,1_26.02.2016_Y.JPG,Unconfirmed,X: 10 - 90% / Y: 0 - 100%,0,0,4,0,2,0,0,0,0,2,1,0,0,2,1,0,0,0,0,23,18,6,19,0,0,0,0,0,0,1,0,0,0,15,6,0
2,26-02-16,G,F,3,2_26.02.2016_G.JPG,Unconfirmed,X: 10 - 90% / Y: 0 - 100%,0,4,0,0,1,0,0,0,0,0,1,0,2,0,3,2,2,1,0,12,9,16,11,0,0,0,0,0,0,6,23,0,0,6,1,0
3,26-02-16,R,F,3,3_26.02.2016_R.JPG,Unconfirmed,X: 10 - 90% / Y: 0 - 100%,0,0,0,0,0,0,0,0,0,4,0,1,0,0,0,0,0,0,0,7,7,9,61,2,0,0,0,0,0,0,0,0,0,9,0,0
4,26-02-16,B,F,3,4_26.02.2016_B.JPG,Unconfirmed,X: 10 - 90% / Y: 0 - 100%,0,1,3,1,0,6,0,0,0,2,0,4,2,0,0,0,11,1,0,12,26,16,6,0,0,0,0,2,0,0,0,0,0,7,0,0
5,26-02-16,B,F,3,5_26.02.2016_B.JPG,Unconfirmed,X: 10 - 90% / Y: 0 - 100%,0,2,4,6,4,0,2,0,0,0,0,2,1,0,2,0,1,3,0,21,16,15,0,1,0,0,0,0,0,6,7,0,0,6,1,0
6,26-02-16,G,F,3,6_26.02.2016_G.JPG,Unconfirmed,X: 10 - 90% / Y: 0 - 100%,0,0,1,1,1,0,0,3,0,0,0,1,0,2,7,3,1,2,0,14,14,11,36,0,0,0,0,0,0,1,0,0,0,2,0,0
7,26-02-16,Y,F,3,7_26.02.2016_Y.JPG,Unconfirmed,X: 10 - 90% / Y: 0 - 100%,1,0,0,0,1,0,0,0,0,1,0,1,0,0,0,0,0,0,0,12,18,15,47,0,0,0,0,0,0,2,0,0,0,2,0,0
8,26-02-16,B,F,3,8_26.02.2016_B.JPG,Unconfirmed,X: 10 - 90% / Y: 0 - 100%,1,2,0,0,0,0,0,1,1,3,0,2,0,4,0,4,11,1,0,5,10,8,19,0,0,0,0,1,0,5,1,0,0,20,1,0
9,26-02-16,R,F,3,9_26.02.2016_R.JPG,Unconfirmed,X: 10 - 90% / Y: 0 - 100%,0,0,0,0,0,0,0,0,0,2,0,1,0,0,1,0,0,0,0,3,6,4,18,0,0,0,0,0,0,2,0,0,0,55,8,0
